"STATION","NAME","DATE","PRCP","SNOW","SNWD","TAVG","TMAX","TMIN"
"USW00013881","CHARLOTTE DOUGLAS AIRPORT, NC US","2021-01-25","0.31","0.0","0.0",,"50","43"
"USW00013881","CHARLOTTE DOUGLAS AIRPORT, NC US","2021-01-26","0.75","0.0","0.0",,"50","42"
"USW00013881","CHARLOTTE DOUGLAS AIRPORT, NC US","2021-01-27","0.53","0.0","0.0",,"61","41"
"USW00013881","CHARLOTTE DOUGLAS AIRPORT, NC US","2021-01-28","0.03","0.0","0.0",,"48","29"
"USW00013881","CHARLOTTE DOUGLAS AIRPORT, NC US","2021-01-29","0.00","0.0","0.0",,"46","22"
"USW00013881","CHARLOTTE DOUGLAS AIRPORT, NC US","2021-01-30","0.01","0.0","0.0",,"45","24"
"USW00013881","CHARLOTTE DOUGLAS AIRPORT, NC US","2021-01-31","0.73","0.0","0.0",,"40","35"
"USW00013881","CHARLOTTE DOUGLAS AIRPORT, NC US","2021-02-01","0.01","0.0","0.0",,"46","35"
"USW00013881","CHARLOTTE DOUGLAS AIRPORT, NC US","2021-02-02","0.00","0.0","0.0",,"45","32"
"USW00013881","CHARLOTTE DOUGLAS AIRPORT, NC US","2021-02-03","0.00","0.0","0.0",,"52","27"
"USW00013881","CHARLOTTE DOUGLAS AIRPORT, NC US","2021-02-04","0.00","0.0","0.0",,"49","20"
"USW00013881","CHARLOTTE DOUGLAS AIRPORT, NC US","2021-02-05","0.09","0.0","0.0",,"57","40"
"USW00013881","CHARLOTTE DOUGLAS AIRPORT, NC US","2021-02-06","0.49","0.2","0.0",,"53","24"
"USW00013881","CHARLOTTE DOUGLAS AIRPORT, NC US","2021-02-07","0.19","0.0","0.0",,"54","33"
"USW00013881","CHARLOTTE DOUGLAS AIRPORT, NC US","2021-02-08","0.00","0.0","0.0",,"55","26"
"USW00013881","CHARLOTTE DOUGLAS AIRPORT, NC US","2021-02-09","0.00","0.0","0.0",,"67","45"
"USW00013881","CHARLOTTE DOUGLAS AIRPORT, NC US","2021-02-10","0.00","0.0","0.0",,"59","45"
"USW00013881","CHARLOTTE DOUGLAS AIRPORT, NC US","2021-02-11","0.45","0.0","0.0",,"53","41"
"USW00013881","CHARLOTTE DOUGLAS AIRPORT, NC US","2021-02-12","0.07","0.0","0.0",,"41","34"
"USW00013881","CHARLOTTE DOUGLAS AIRPORT, NC US","2021-02-13","0.67","0.0","0.0",,"39","34"
"USW00013881","CHARLOTTE DOUGLAS AIRPORT, NC US","2021-02-14","0.31","0.0","0.0",,"41","36"
"USW00013881","CHARLOTTE DOUGLAS AIRPORT, NC US","2021-02-15","0.82","0.0","0.0",,"41","37"
"USW00013881","CHARLOTTE DOUGLAS AIRPORT, NC US","2021-02-16","0.03","0.0","0.0",,"53","33"
"USW00013881","CHARLOTTE DOUGLAS AIRPORT, NC US","2021-02-17","0.00","0.0","0.0",,"49","29"
"USW00013881","CHARLOTTE DOUGLAS AIRPORT, NC US","2021-02-18","0.60","0.0","0.0",,"44","33"
"USW00013881","CHARLOTTE DOUGLAS AIRPORT, NC US","2021-02-19","0.45","0.0","0.0",,"53","36"
"USW00013881","CHARLOTTE DOUGLAS AIRPORT, NC US","2021-02-20","0.00","0.0","0.0",,"52","26"
"USW00013881","CHARLOTTE DOUGLAS AIRPORT, NC US","2021-02-21","0.00","0.0","0.0",,"49","30"
"USW00013881","CHARLOTTE DOUGLAS AIRPORT, NC US","2021-02-22","0.43","0.0","0.0",,"52","36"
"USW00013881","CHARLOTTE DOUGLAS AIRPORT, NC US","2021-02-23","0.00","0.0","0.0",,"67","29"
"USW00013881","CHARLOTTE DOUGLAS AIRPORT, NC US","2021-02-24","0.00","0.0","0.0",,"73","32"
"USW00013881","CHARLOTTE DOUGLAS AIRPORT, NC US","2021-02-25","0.00","0.0","0.0",,"73","40"
"USW00013881","CHARLOTTE DOUGLAS AIRPORT, NC US","2021-02-26","0.52","0.0","0.0",,"57","42"
"USW00013881","CHARLOTTE DOUGLAS AIRPORT, NC US","2021-02-27","0.03","0.0","0.0",,"58","40"
"USW00013881","CHARLOTTE DOUGLAS AIRPORT, NC US","2021-02-28","0.00","0.0","0.0",,"76","47"
"USW00013881","CHARLOTTE DOUGLAS AIRPORT, NC US","2021-03-01","0.19","0.0","0.0",,"68","48"
"USW00013881","CHARLOTTE DOUGLAS AIRPORT, NC US","2021-03-02","0.00","0.0","0.0",,"49","41"
"USW00013881","CHARLOTTE DOUGLAS AIRPORT, NC US","2021-03-03","0.00","0.0","0.0",,"65","36"
"USW00013881","CHARLOTTE DOUGLAS AIRPORT, NC US","2021-03-04","0.00","0.0","0.0",,"70","34"
"USW00013881","CHARLOTTE DOUGLAS AIRPORT, NC US","2021-03-05","0.00","0.0","0.0",,"57","34"
"USW00013881","CHARLOTTE DOUGLAS AIRPORT, NC US","2021-03-06","0.00","0.0","0.0",,"57","38"
"USW00013881","CHARLOTTE DOUGLAS AIRPORT, NC US","2021-03-07","0.00","0.0","0.0",,"56","31"
"USW00013881","CHARLOTTE DOUGLAS AIRPORT, NC US","2021-03-08","0.00","0.0","0.0",,"65","23"
"USW00013881","CHARLOTTE DOUGLAS AIRPORT, NC US","2021-03-09","0.00","0.0","0.0",,"72","36"
"USW00013881","CHARLOTTE DOUGLAS AIRPORT, NC US","2021-03-10","0.00","0.0","0.0",,"73","41"
"USW00013881","CHARLOTTE DOUGLAS AIRPORT, NC US","2021-03-11","0.00","0.0","0.0",,"73","46"
"USW00013881","CHARLOTTE DOUGLAS AIRPORT, NC US","2021-03-12","0.00","0.0","0.0",,"80","53"
"USW00013881","CHARLOTTE DOUGLAS AIRPORT, NC US","2021-03-13","0.00","0.0","0.0",,"67","59"
"USW00013881","CHARLOTTE DOUGLAS AIRPORT, NC US","2021-03-14","0.00","0.0","0.0",,"74","53"
"USW00013881","CHARLOTTE DOUGLAS AIRPORT, NC US","2021-03-15","0.00","0.0","0.0",,"62","46"
"USW00013881","CHARLOTTE DOUGLAS AIRPORT, NC US","2021-03-16","1.33","0.0","0.0",,"47","40"
"USW00013881","CHARLOTTE DOUGLAS AIRPORT, NC US","2021-03-17","0.03","0.0","0.0",,"59","44"
"USW00013881","CHARLOTTE DOUGLAS AIRPORT, NC US","2021-03-18","0.25","0.0","0.0",,"75","50"
"USW00013881","CHARLOTTE DOUGLAS AIRPORT, NC US","2021-03-19","0.08","0.0","0.0",,"57","42"
"USW00013881","CHARLOTTE DOUGLAS AIRPORT, NC US","2021-03-20","0.00","0.0","0.0",,"57","31"
"USW00013881","CHARLOTTE DOUGLAS AIRPORT, NC US","2021-03-21","0.00","0.0","0.0",,"66","45"
"USW00013881","CHARLOTTE DOUGLAS AIRPORT, NC US","2021-03-22","0.00","0.0","0.0",,"70","46"
"USW00013881","CHARLOTTE DOUGLAS AIRPORT, NC US","2021-03-23","0.00","0.0","0.0",,"69","50"
"USW00013881","CHARLOTTE DOUGLAS AIRPORT, NC US","2021-03-24","0.00","0.0","0.0",,"72","58"
"USW00013881","CHARLOTTE DOUGLAS AIRPORT, NC US","2021-03-25","1.51","0.0","0.0",,"75","53"
"USW00013881","CHARLOTTE DOUGLAS AIRPORT, NC US","2021-03-26","0.15","0.0","0.0",,"80","63"
"USW00013881","CHARLOTTE DOUGLAS AIRPORT, NC US","2021-03-27","0.00","0.0","0.0",,"81","56"
"USW00013881","CHARLOTTE DOUGLAS AIRPORT, NC US","2021-03-28","0.40","0.0","0.0",,"73","53"
"USW00013881","CHARLOTTE DOUGLAS AIRPORT, NC US","2021-03-29","0.00","0.0","0.0",,"66","39"
"USW00013881","CHARLOTTE DOUGLAS AIRPORT, NC US","2021-03-30","0.00","0.0","0.0",,"74","43"
"USW00013881","CHARLOTTE DOUGLAS AIRPORT, NC US","2021-03-31","0.48","0.0","0.0",,"68","57"
"USW00013881","CHARLOTTE DOUGLAS AIRPORT, NC US","2021-04-01","0.00","0.0","0.0",,"57","36"
"USW00013881","CHARLOTTE DOUGLAS AIRPORT, NC US","2021-04-02","0.00","0.0","0.0",,"54","32"
"USW00013881","CHARLOTTE DOUGLAS AIRPORT, NC US","2021-04-03","0.00","0.0","0.0",,"60","26"
"USW00013881","CHARLOTTE DOUGLAS AIRPORT, NC US","2021-04-04","0.00","0.0","0.0",,"76","36"
"USW00013881","CHARLOTTE DOUGLAS AIRPORT, NC US","2021-04-05","0.00","0.0","0.0",,"79","40"
"USW00013881","CHARLOTTE DOUGLAS AIRPORT, NC US","2021-04-06","0.00","0.0","0.0",,"83","44"
"USW00013881","CHARLOTTE DOUGLAS AIRPORT, NC US","2021-04-07","0.00","0.0","0.0",,"86","47"
"USW00013881","CHARLOTTE DOUGLAS AIRPORT, NC US","2021-04-08","0.00","0.0","0.0",,"79","56"
"USW00013881","CHARLOTTE DOUGLAS AIRPORT, NC US","2021-04-09","0.01","0.0","0.0",,"83","59"
"USW00013881","CHARLOTTE DOUGLAS AIRPORT, NC US","2021-04-10","0.40","0.0","0.0",,"73","59"
"USW00013881","CHARLOTTE DOUGLAS AIRPORT, NC US","2021-04-11","0.00","0.0","0.0",,"76","59"
"USW00013881","CHARLOTTE DOUGLAS AIRPORT, NC US","2021-04-12","0.00","0.0","0.0",,"83","46"
"USW00013881","CHARLOTTE DOUGLAS AIRPORT, NC US","2021-04-13","0.00","0.0","0.0",,"79","54"
"USW00013881","CHARLOTTE DOUGLAS AIRPORT, NC US","2021-04-14","0.00","0.0","0.0",,"83","50"
"USW00013881","CHARLOTTE DOUGLAS AIRPORT, NC US","2021-04-15","0.00","0.0","0.0",,"72","51"
"USW00013881","CHARLOTTE DOUGLAS AIRPORT, NC US","2021-04-16","0.00","0.0","0.0",,"69","37"
"USW00013881","CHARLOTTE DOUGLAS AIRPORT, NC US","2021-04-17","0.00","0.0","0.0",,"71","49"
"USW00013881","CHARLOTTE DOUGLAS AIRPORT, NC US","2021-04-18","0.00","0.0","0.0",,"74","50"
"USW00013881","CHARLOTTE DOUGLAS AIRPORT, NC US","2021-04-19","0.00","0.0","0.0",,"72","46"
"USW00013881","CHARLOTTE DOUGLAS AIRPORT, NC US","2021-04-20","0.00","0.0","0.0",,"76","42"
"USW00013881","CHARLOTTE DOUGLAS AIRPORT, NC US","2021-04-21","0.00","0.0","0.0",,"73","38"
"USW00013881","CHARLOTTE DOUGLAS AIRPORT, NC US","2021-04-22","0.00","0.0","0.0",,"62","32"
"USW00013881","CHARLOTTE DOUGLAS AIRPORT, NC US","2021-04-23","0.00","0.0","0.0",,"64","31"
"USW00013881","CHARLOTTE DOUGLAS AIRPORT, NC US","2021-04-24","1.11","0.0","0.0",,"64","50"
"USW00013881","CHARLOTTE DOUGLAS AIRPORT, NC US","2021-04-25","0.01","0.0","0.0",,"74","51"
"USW00013881","CHARLOTTE DOUGLAS AIRPORT, NC US","2021-04-26","0.00","0.0","0.0",,"78","43"
"USW00013881","CHARLOTTE DOUGLAS AIRPORT, NC US","2021-04-27","0.00","0.0","0.0",,"82","52"
"USW00013881","CHARLOTTE DOUGLAS AIRPORT, NC US","2021-04-28","0.00","0.0","0.0",,"84","62"
"USW00013881","CHARLOTTE DOUGLAS AIRPORT, NC US","2021-04-29","0.00","0.0","0.0",,"85","65"
"USW00013881","CHARLOTTE DOUGLAS AIRPORT, NC US","2021-04-30","0.00","0.0","0.0",,"80","61"
"USW00013881","CHARLOTTE DOUGLAS AIRPORT, NC US","2021-05-01","0.00","0.0","0.0",,"76","46"
"USW00013881","CHARLOTTE DOUGLAS AIRPORT, NC US","2021-05-02","0.00","0.0","0.0",,"80","53"
"USW00013881","CHARLOTTE DOUGLAS AIRPORT, NC US","2021-05-03","0.46","0.0","0.0",,"76","65"
"USW00013881","CHARLOTTE DOUGLAS AIRPORT, NC US","2021-05-04","0.37","0.0","0.0",,"83","64"
"USW00013881","CHARLOTTE DOUGLAS AIRPORT, NC US","2021-05-05","0.00","0.0","0.0",,"84","63"
"USW00013881","CHARLOTTE DOUGLAS AIRPORT, NC US","2021-05-06","0.00","0.0","0.0",,"72","51"
"USW00013881","CHARLOTTE DOUGLAS AIRPORT, NC US","2021-05-07","0.10","0.0","0.0",,"68","45"
"USW00013881","CHARLOTTE DOUGLAS AIRPORT, NC US","2021-05-08","0.00","0.0","0.0",,"76","46"
"USW00013881","CHARLOTTE DOUGLAS AIRPORT, NC US","2021-05-09","0.07","0.0","0.0",,"82","57"
"USW00013881","CHARLOTTE DOUGLAS AIRPORT, NC US","2021-05-10","0.35","0.0","0.0",,"81","63"
"USW00013881","CHARLOTTE DOUGLAS AIRPORT, NC US","2021-05-11","0.00","0.0","0.0",,"73","58"
"USW00013881","CHARLOTTE DOUGLAS AIRPORT, NC US","2021-05-12","0.29","0.0","0.0",,"66","41"
"USW00013881","CHARLOTTE DOUGLAS AIRPORT, NC US","2021-05-13","0.00","0.0","0.0",,"71","39"
"USW00013881","CHARLOTTE DOUGLAS AIRPORT, NC US","2021-05-14","0.00","0.0","0.0",,"74","41"
"USW00013881","CHARLOTTE DOUGLAS AIRPORT, NC US","2021-05-15","0.00","0.0","0.0",,"77","43"
"USW00013881","CHARLOTTE DOUGLAS AIRPORT, NC US","2021-05-16","0.00","0.0","0.0",,"80","56"
"USW00013881","CHARLOTTE DOUGLAS AIRPORT, NC US","2021-05-17","0.00","0.0","0.0",,"80","58"
"USW00013881","CHARLOTTE DOUGLAS AIRPORT, NC US","2021-05-18","0.00","0.0","0.0",,"75","61"
"USW00013881","CHARLOTTE DOUGLAS AIRPORT, NC US","2021-05-19","0.00","0.0","0.0",,"83","59"
"USW00013881","CHARLOTTE DOUGLAS AIRPORT, NC US","2021-05-20","0.00","0.0","0.0",,"84","56"
"USW00013881","CHARLOTTE DOUGLAS AIRPORT, NC US","2021-05-21","0.00","0.0","0.0",,"84","56"
"USW00013881","CHARLOTTE DOUGLAS AIRPORT, NC US","2021-05-22","0.00","0.0","0.0",,"86","52"
"USW00013881","CHARLOTTE DOUGLAS AIRPORT, NC US","2021-05-23","0.00","0.0","0.0",,"91","60"
"USW00013881","CHARLOTTE DOUGLAS AIRPORT, NC US","2021-05-24","0.00","0.0","0.0",,"93","63"
"USW00013881","CHARLOTTE DOUGLAS AIRPORT, NC US","2021-05-25","0.00","0.0","0.0",,"89","71"
"USW00013881","CHARLOTTE DOUGLAS AIRPORT, NC US","2021-05-26","0.02","0.0","0.0",,"93","68"
"USW00013881","CHARLOTTE DOUGLAS AIRPORT, NC US","2021-05-27","0.00","0.0","0.0",,"92","63"
"USW00013881","CHARLOTTE DOUGLAS AIRPORT, NC US","2021-05-28","0.14","0.0","0.0",,"91","69"
"USW00013881","CHARLOTTE DOUGLAS AIRPORT, NC US","2021-05-29","0.01","0.0","0.0",,"86","61"
"USW00013881","CHARLOTTE DOUGLAS AIRPORT, NC US","2021-05-30","0.00","0.0","0.0",,"74","54"
"USW00013881","CHARLOTTE DOUGLAS AIRPORT, NC US","2021-05-31","0.00","0.0","0.0",,"78","52"
"USW00013881","CHARLOTTE DOUGLAS AIRPORT, NC US","2021-06-01","0.00","0.0","0.0",,"83","52"
"USW00013881","CHARLOTTE DOUGLAS AIRPORT, NC US","2021-06-02","0.00","0.0","0.0",,"81","66"
"USW00013881","CHARLOTTE DOUGLAS AIRPORT, NC US","2021-06-03","0.03","0.0","0.0",,"86","66"
"USW00013881","CHARLOTTE DOUGLAS AIRPORT, NC US","2021-06-04","0.28","0.0","0.0",,"86","68"
"USW00013881","CHARLOTTE DOUGLAS AIRPORT, NC US","2021-06-05","0.07","0.0","0.0",,"90","67"
"USW00013881","CHARLOTTE DOUGLAS AIRPORT, NC US","2021-06-06","0.38","0.0","0.0",,"90","70"
"USW00013881","CHARLOTTE DOUGLAS AIRPORT, NC US","2021-06-07","1.70","0.0","0.0",,"89","71"
"USW00013881","CHARLOTTE DOUGLAS AIRPORT, NC US","2021-06-08","0.00","0.0","0.0",,"87","71"
"USW00013881","CHARLOTTE DOUGLAS AIRPORT, NC US","2021-06-09","0.00","0.0","0.0",,"89","70"
"USW00013881","CHARLOTTE DOUGLAS AIRPORT, NC US","2021-06-10","0.00","0.0","0.0",,"88","73"
"USW00013881","CHARLOTTE DOUGLAS AIRPORT, NC US","2021-06-11","0.00","0.0","0.0",,"90","72"
"USW00013881","CHARLOTTE DOUGLAS AIRPORT, NC US","2021-06-12","0.64","0.0","0.0",,"87","68"
"USW00013881","CHARLOTTE DOUGLAS AIRPORT, NC US","2021-06-13","0.00","0.0","0.0",,"84","69"
"USW00013881","CHARLOTTE DOUGLAS AIRPORT, NC US","2021-06-14","0.00","0.0","0.0",,"91","68"
"USW00013881","CHARLOTTE DOUGLAS AIRPORT, NC US","2021-06-15","0.00","0.0","0.0",,"88","66"
"USW00013881","CHARLOTTE DOUGLAS AIRPORT, NC US","2021-06-16","0.00","0.0","0.0",,"86","62"
"USW00013881","CHARLOTTE DOUGLAS AIRPORT, NC US","2021-06-17","0.00","0.0","0.0",,"84","59"
"USW00013881","CHARLOTTE DOUGLAS AIRPORT, NC US","2021-06-18","0.00","0.0","0.0",,"90","57"
"USW00013881","CHARLOTTE DOUGLAS AIRPORT, NC US","2021-06-19","0.00","0.0","0.0",,"93","72"
"USW00013881","CHARLOTTE DOUGLAS AIRPORT, NC US","2021-06-20","0.58","0.0","0.0",,"82","69"
"USW00013881","CHARLOTTE DOUGLAS AIRPORT, NC US","2021-06-21","0.00","0.0","0.0",,"91","70"
"USW00013881","CHARLOTTE DOUGLAS AIRPORT, NC US","2021-06-22","0.06","0.0","0.0",,"83","70"
"USW00013881","CHARLOTTE DOUGLAS AIRPORT, NC US","2021-06-23","0.00","0.0","0.0",,"82","63"
"USW00013881","CHARLOTTE DOUGLAS AIRPORT, NC US","2021-06-24","0.00","0.0","0.0",,"81","65"
"USW00013881","CHARLOTTE DOUGLAS AIRPORT, NC US","2021-06-25","0.00","0.0","0.0",,"83","56"
"USW00013881","CHARLOTTE DOUGLAS AIRPORT, NC US","2021-06-26","0.00","0.0","0.0",,"88","70"
"USW00013881","CHARLOTTE DOUGLAS AIRPORT, NC US","2021-06-27","0.00","0.0","0.0",,"89","73"
"USW00013881","CHARLOTTE DOUGLAS AIRPORT, NC US","2021-06-28","0.00","0.0","0.0",,"90","69"
"USW00013881","CHARLOTTE DOUGLAS AIRPORT, NC US","2021-06-29","0.00","0.0","0.0",,"89","75"
"USW00013881","CHARLOTTE DOUGLAS AIRPORT, NC US","2021-06-30","0.00","0.0","0.0",,"92","72"
"USW00013881","CHARLOTTE DOUGLAS AIRPORT, NC US","2021-07-01","0.00","0.0","0.0",,"92","72"
"USW00013881","CHARLOTTE DOUGLAS AIRPORT, NC US","2021-07-02","0.28","0.0","0.0",,"83","68"
"USW00013881","CHARLOTTE DOUGLAS AIRPORT, NC US","2021-07-03","0.00","0.0","0.0",,"84","63"
"USW00013881","CHARLOTTE DOUGLAS AIRPORT, NC US","2021-07-04","0.00","0.0","0.0",,"87","58"
"USW00013881","CHARLOTTE DOUGLAS AIRPORT, NC US","2021-07-05","0.00","0.0","0.0",,"93","64"
"USW00013881","CHARLOTTE DOUGLAS AIRPORT, NC US","2021-07-06","0.00","0.0","0.0",,"92","67"
"USW00013881","CHARLOTTE DOUGLAS AIRPORT, NC US","2021-07-07","0.01","0.0","0.0",,"93","67"
"USW00013881","CHARLOTTE DOUGLAS AIRPORT, NC US","2021-07-08","0.33","0.0","0.0",,"88","73"
"USW00013881","CHARLOTTE DOUGLAS AIRPORT, NC US","2021-07-09","0.31","0.0","0.0",,"92","72"
"USW00013881","CHARLOTTE DOUGLAS AIRPORT, NC US","2021-07-10","0.00","0.0","0.0",,"89","68"
"USW00013881","CHARLOTTE DOUGLAS AIRPORT, NC US","2021-07-11","0.02","0.0","0.0",,"92","72"
"USW00013881","CHARLOTTE DOUGLAS AIRPORT, NC US","2021-07-12","0.34","0.0","0.0",,"92","72"
"USW00013881","CHARLOTTE DOUGLAS AIRPORT, NC US","2021-07-13","0.00","0.0","0.0",,"88","69"
"USW00013881","CHARLOTTE DOUGLAS AIRPORT, NC US","2021-07-14","0.40","0.0","0.0",,"91","70"
"USW00013881","CHARLOTTE DOUGLAS AIRPORT, NC US","2021-07-15","0.00","0.0","0.0",,"94","71"
"USW00013881","CHARLOTTE DOUGLAS AIRPORT, NC US","2021-07-16","0.00","0.0","0.0",,"93","73"
"USW00013881","CHARLOTTE DOUGLAS AIRPORT, NC US","2021-07-17","0.00","0.0","0.0",,"94","73"
"USW00013881","CHARLOTTE DOUGLAS AIRPORT, NC US","2021-07-18","0.35","0.0","0.0",,"90","72"
"USW00013881","CHARLOTTE DOUGLAS AIRPORT, NC US","2021-07-19","0.35","0.0","0.0",,"80","71"
"USW00013881","CHARLOTTE DOUGLAS AIRPORT, NC US","2021-07-20","0.00","0.0","0.0",,"83","70"
"USW00013881","CHARLOTTE DOUGLAS AIRPORT, NC US","2021-07-21","0.00","0.0","0.0",,"91","68"
"USW00013881","CHARLOTTE DOUGLAS AIRPORT, NC US","2021-07-22","0.00","0.0","0.0",,"90","69"
"USW00013881","CHARLOTTE DOUGLAS AIRPORT, NC US","2021-07-23","0.00","0.0","0.0",,"90","72"
"USW00013881","CHARLOTTE DOUGLAS AIRPORT, NC US","2021-07-24","0.00","0.0","0.0",,"89","71"
"USW00013881","CHARLOTTE DOUGLAS AIRPORT, NC US","2021-07-25","0.03","0.0","0.0",,"90","72"
"USW00013881","CHARLOTTE DOUGLAS AIRPORT, NC US","2021-07-26","2.35","0.0","0.0",,"94","72"
"USW00013881","CHARLOTTE DOUGLAS AIRPORT, NC US","2021-07-27","0.15","0.0","0.0",,"93","70"
"USW00013881","CHARLOTTE DOUGLAS AIRPORT, NC US","2021-07-28","0.00","0.0","0.0",,"95","70"
"USW00013881","CHARLOTTE DOUGLAS AIRPORT, NC US","2021-07-29","0.00","0.0","0.0",,"94","69"
"USW00013881","CHARLOTTE DOUGLAS AIRPORT, NC US","2021-07-30","0.00","0.0","0.0",,"93","75"
"USW00013881","CHARLOTTE DOUGLAS AIRPORT, NC US","2021-07-31","0.00","0.0","0.0",,"92","73"
"USW00013881","CHARLOTTE DOUGLAS AIRPORT, NC US","2021-08-01","0.01","0.0","0.0",,"93","71"
"USW00013881","CHARLOTTE DOUGLAS AIRPORT, NC US","2021-08-02","0.00","0.0","0.0",,"87","64"
"USW00013881","CHARLOTTE DOUGLAS AIRPORT, NC US","2021-08-03","0.15","0.0","0.0",,"81","69"
"USW00013881","CHARLOTTE DOUGLAS AIRPORT, NC US","2021-08-04","0.00","0.0","0.0",,"80","64"
"USW00013881","CHARLOTTE DOUGLAS AIRPORT, NC US","2021-08-05","0.00","0.0","0.0",,"87","65"
"USW00013881","CHARLOTTE DOUGLAS AIRPORT, NC US","2021-08-06","0.02","0.0","0.0",,"86","62"
"USW00013881","CHARLOTTE DOUGLAS AIRPORT, NC US","2021-08-07","0.07","0.0","0.0",,"88","68"
"USW00013881","CHARLOTTE DOUGLAS AIRPORT, NC US","2021-08-08","0.00","0.0","0.0",,"92","64"
"USW00013881","CHARLOTTE DOUGLAS AIRPORT, NC US","2021-08-09","0.00","0.0","0.0",,"93","69"
"USW00013881","CHARLOTTE DOUGLAS AIRPORT, NC US","2021-08-10","0.00","0.0","0.0",,"94","73"
"USW00013881","CHARLOTTE DOUGLAS AIRPORT, NC US","2021-08-11","0.05","0.0","0.0",,"95","72"
"USW00013881","CHARLOTTE DOUGLAS AIRPORT, NC US","2021-08-12","0.00","0.0","0.0",,"95","72"
"USW00013881","CHARLOTTE DOUGLAS AIRPORT, NC US","2021-08-13","1.21","0.0","0.0",,"96","69"
"USW00013881","CHARLOTTE DOUGLAS AIRPORT, NC US","2021-08-14","0.18","0.0","0.0",,"96","71"
"USW00013881","CHARLOTTE DOUGLAS AIRPORT, NC US","2021-08-15","0.12","0.0","0.0",,"89","71"
"USW00013881","CHARLOTTE DOUGLAS AIRPORT, NC US","2021-08-16","0.11","0.0","0.0",,"87","72"
"USW00013881","CHARLOTTE DOUGLAS AIRPORT, NC US","2021-08-17","0.48","0.0","0.0",,"86","74"
"USW00013881","CHARLOTTE DOUGLAS AIRPORT, NC US","2021-08-18","0.00","0.0","0.0",,"89","73"
"USW00013881","CHARLOTTE DOUGLAS AIRPORT, NC US","2021-08-19","0.10","0.0","0.0",,"94","73"
"USW00013881","CHARLOTTE DOUGLAS AIRPORT, NC US","2021-08-20","0.00","0.0","0.0",,"91","71"
"USW00013881","CHARLOTTE DOUGLAS AIRPORT, NC US","2021-08-21","0.00","0.0","0.0",,"92","70"
"USW00013881","CHARLOTTE DOUGLAS AIRPORT, NC US","2021-08-22","0.21","0.0","0.0",,"90","70"
"USW00013881","CHARLOTTE DOUGLAS AIRPORT, NC US","2021-08-23","0.00","0.0","0.0",,"92","71"
"USW00013881","CHARLOTTE DOUGLAS AIRPORT, NC US","2021-08-24","0.00","0.0","0.0",,"95","71"
"USW00013881","CHARLOTTE DOUGLAS AIRPORT, NC US","2021-08-25","0.00","0.0","0.0",,"94","73"
"USW00013881","CHARLOTTE DOUGLAS AIRPORT, NC US","2021-08-26","0.00","0.0","0.0",,"92","72"
"USW00013881","CHARLOTTE DOUGLAS AIRPORT, NC US","2021-08-27","0.00","0.0","0.0",,"92","71"
"USW00013881","CHARLOTTE DOUGLAS AIRPORT, NC US","2021-08-28","0.00","0.0","0.0",,"94","73"
"USW00013881","CHARLOTTE DOUGLAS AIRPORT, NC US","2021-08-29","0.00","0.0","0.0",,"93","71"
"USW00013881","CHARLOTTE DOUGLAS AIRPORT, NC US","2021-08-30","0.00","0.0","0.0",,"93","67"
"USW00013881","CHARLOTTE DOUGLAS AIRPORT, NC US","2021-08-31","0.31","0.0","0.0",,"91","72"
"USW00013881","CHARLOTTE DOUGLAS AIRPORT, NC US","2021-09-01","1.77","0.0","0.0",,"86","70"
"USW00013881","CHARLOTTE DOUGLAS AIRPORT, NC US","2021-09-02","0.00","0.0","0.0",,"83","63"
"USW00013881","CHARLOTTE DOUGLAS AIRPORT, NC US","2021-09-03","0.00","0.0","0.0",,"83","57"
"USW00013881","CHARLOTTE DOUGLAS AIRPORT, NC US","2021-09-04","0.00","0.0","0.0",,"84","57"
"USW00013881","CHARLOTTE DOUGLAS AIRPORT, NC US","2021-09-05","0.00","0.0","0.0",,"87","59"
"USW00013881","CHARLOTTE DOUGLAS AIRPORT, NC US","2021-09-06","0.01","0.0","0.0",,"86","68"
"USW00013881","CHARLOTTE DOUGLAS AIRPORT, NC US","2021-09-07","0.00","0.0","0.0",,"88","63"
"USW00013881","CHARLOTTE DOUGLAS AIRPORT, NC US","2021-09-08","0.08","0.0","0.0",,"89","70"
"USW00013881","CHARLOTTE DOUGLAS AIRPORT, NC US","2021-09-09","0.00","0.0","0.0",,"82","64"
"USW00013881","CHARLOTTE DOUGLAS AIRPORT, NC US","2021-09-10","0.00","0.0","0.0",,"82","56"
"USW00013881","CHARLOTTE DOUGLAS AIRPORT, NC US","2021-09-11","0.00","0.0","0.0",,"84","59"
"USW00013881","CHARLOTTE DOUGLAS AIRPORT, NC US","2021-09-12","0.00","0.0","0.0",,"88","60"
"USW00013881","CHARLOTTE DOUGLAS AIRPORT, NC US","2021-09-13","0.00","0.0","0.0",,"89","63"
"USW00013881","CHARLOTTE DOUGLAS AIRPORT, NC US","2021-09-14","0.00","0.0","0.0",,"89","66"
"USW00013881","CHARLOTTE DOUGLAS AIRPORT, NC US","2021-09-15","0.02","0.0","0.0",,"87","65"
"USW00013881","CHARLOTTE DOUGLAS AIRPORT, NC US","2021-09-16","0.12","0.0","0.0",,"81","70"
"USW00013881","CHARLOTTE DOUGLAS AIRPORT, NC US","2021-09-17","0.00","0.0","0.0",,"85","69"
"USW00013881","CHARLOTTE DOUGLAS AIRPORT, NC US","2021-09-18","0.00","0.0","0.0",,"90","67"
"USW00013881","CHARLOTTE DOUGLAS AIRPORT, NC US","2021-09-19","0.00","0.0","0.0",,"87","68"
"USW00013881","CHARLOTTE DOUGLAS AIRPORT, NC US","2021-09-20","0.03","0.0","0.0",,"83","68"
"USW00013881","CHARLOTTE DOUGLAS AIRPORT, NC US","2021-09-21","0.18","0.0","0.0",,"74","68"
"USW00013881","CHARLOTTE DOUGLAS AIRPORT, NC US","2021-09-22","0.56","0.0","0.0",,"83","59"
"USW00013881","CHARLOTTE DOUGLAS AIRPORT, NC US","2021-09-23","0.00","0.0","0.0",,"77","53"
"USW00013881","CHARLOTTE DOUGLAS AIRPORT, NC US","2021-09-24","0.00","0.0","0.0",,"76","50"
"USW00013881","CHARLOTTE DOUGLAS AIRPORT, NC US","2021-09-25","0.00","0.0","0.0",,"79","48"
"USW00013881","CHARLOTTE DOUGLAS AIRPORT, NC US","2021-09-26","0.00","0.0","0.0",,"80","50"
"USW00013881","CHARLOTTE DOUGLAS AIRPORT, NC US","2021-09-27","0.00","0.0","0.0",,"83","52"
"USW00013881","CHARLOTTE DOUGLAS AIRPORT, NC US","2021-09-28","0.00","0.0","0.0",,"86","57"
"USW00013881","CHARLOTTE DOUGLAS AIRPORT, NC US","2021-09-29","0.00","0.0","0.0",,"88","58"
"USW00013881","CHARLOTTE DOUGLAS AIRPORT, NC US","2021-09-30","0.00","0.0","0.0",,"82","63"
"USW00013881","CHARLOTTE DOUGLAS AIRPORT, NC US","2021-10-01","0.00","0.0","0.0",,"83","63"
"USW00013881","CHARLOTTE DOUGLAS AIRPORT, NC US","2021-10-02","0.00","0.0","0.0",,"84","64"
"USW00013881","CHARLOTTE DOUGLAS AIRPORT, NC US","2021-10-03","0.00","0.0","0.0",,"85","64"
"USW00013881","CHARLOTTE DOUGLAS AIRPORT, NC US","2021-10-04","0.00","0.0","0.0",,"82","68"
"USW00013881","CHARLOTTE DOUGLAS AIRPORT, NC US","2021-10-05","0.00","0.0","0.0",,"87","68"
"USW00013881","CHARLOTTE DOUGLAS AIRPORT, NC US","2021-10-06","0.52","0.0","0.0",,"86","71"
"USW00013881","CHARLOTTE DOUGLAS AIRPORT, NC US","2021-10-07","0.02","0.0","0.0",,"74","69"
"USW00013881","CHARLOTTE DOUGLAS AIRPORT, NC US","2021-10-08","0.13","0.0","0.0",,"69","66"
"USW00013881","CHARLOTTE DOUGLAS AIRPORT, NC US","2021-10-09","0.00","0.0","0.0",,"76","66"
"USW00013881","CHARLOTTE DOUGLAS AIRPORT, NC US","2021-10-10","0.00","0.0","0.0",,"81","61"
"USW00013881","CHARLOTTE DOUGLAS AIRPORT, NC US","2021-10-11","0.00","0.0","0.0",,"72","61"
"USW00013881","CHARLOTTE DOUGLAS AIRPORT, NC US","2021-10-12","0.00","0.0","0.0",,"82","64"
"USW00013881","CHARLOTTE DOUGLAS AIRPORT, NC US","2021-10-13","0.00","0.0","0.0",,"84","57"
"USW00013881","CHARLOTTE DOUGLAS AIRPORT, NC US","2021-10-14","0.00","0.0","0.0",,"87","60"
"USW00013881","CHARLOTTE DOUGLAS AIRPORT, NC US","2021-10-15","0.00","0.0","0.0",,"87","56"
"USW00013881","CHARLOTTE DOUGLAS AIRPORT, NC US","2021-10-16","0.00","0.0","0.0",,"85","51"
"USW00013881","CHARLOTTE DOUGLAS AIRPORT, NC US","2021-10-17","0.00","0.0","0.0",,"70","39"
"USW00013881","CHARLOTTE DOUGLAS AIRPORT, NC US","2021-10-18","0.00","0.0","0.0",,"75","40"
"USW00013881","CHARLOTTE DOUGLAS AIRPORT, NC US","2021-10-19","0.00","0.0","0.0",,"77","40"
"USW00013881","CHARLOTTE DOUGLAS AIRPORT, NC US","2021-10-20","0.00","0.0","0.0",,"81","47"
"USW00013881","CHARLOTTE DOUGLAS AIRPORT, NC US","2021-10-21","0.00","0.0","0.0",,"81","53"
"USW00013881","CHARLOTTE DOUGLAS AIRPORT, NC US","2021-10-22","0.07","0.0","0.0",,"78","56"
"USW00013881","CHARLOTTE DOUGLAS AIRPORT, NC US","2021-10-23","0.00","0.0","0.0",,"76","47"
"USW00013881","CHARLOTTE DOUGLAS AIRPORT, NC US","2021-10-24","0.00","0.0","0.0",,"78","46"
"USW00013881","CHARLOTTE DOUGLAS AIRPORT, NC US","2021-10-25","0.00","0.0","0.0",,"82","59"
"USW00013881","CHARLOTTE DOUGLAS AIRPORT, NC US","2021-10-26","0.00","0.0","0.0",,"72","50"
"USW00013881","CHARLOTTE DOUGLAS AIRPORT, NC US","2021-10-27","0.00","0.0","0.0",,"72","39"
"USW00013881","CHARLOTTE DOUGLAS AIRPORT, NC US","2021-10-28","0.40","0.0","0.0",,"63","44"
"USW00013881","CHARLOTTE DOUGLAS AIRPORT, NC US","2021-10-29","0.01","0.0","0.0",,"68","52"
"USW00013881","CHARLOTTE DOUGLAS AIRPORT, NC US","2021-10-30","0.00","0.0","0.0",,"64","52"
"USW00013881","CHARLOTTE DOUGLAS AIRPORT, NC US","2021-10-31","0.00","0.0","0.0",,"73","50"
"USW00013881","CHARLOTTE DOUGLAS AIRPORT, NC US","2021-11-01","0.00","0.0","0.0",,"71","40"
"USW00013881","CHARLOTTE DOUGLAS AIRPORT, NC US","2021-11-02","0.00","0.0","0.0",,"69","44"
"USW00013881","CHARLOTTE DOUGLAS AIRPORT, NC US","2021-11-03","0.01","0.0","0.0",,"58","48"
"USW00013881","CHARLOTTE DOUGLAS AIRPORT, NC US","2021-11-04","0.13","0.0","0.0",,"48","36"
"USW00013881","CHARLOTTE DOUGLAS AIRPORT, NC US","2021-11-05","0.00","0.0","0.0",,"53","32"
"USW00013881","CHARLOTTE DOUGLAS AIRPORT, NC US","2021-11-06","0.00","0.0","0.0",,"55","38"
"USW00013881","CHARLOTTE DOUGLAS AIRPORT, NC US","2021-11-07","0.00","0.0","0.0",,"67","37"
"USW00013881","CHARLOTTE DOUGLAS AIRPORT, NC US","2021-11-08","0.00","0.0","0.0",,"73","34"
"USW00013881","CHARLOTTE DOUGLAS AIRPORT, NC US","2021-11-09","0.00","0.0","0.0",,"78","35"
"USW00013881","CHARLOTTE DOUGLAS AIRPORT, NC US","2021-11-10","0.00","0.0","0.0",,"79","44"
"USW00013881","CHARLOTTE DOUGLAS AIRPORT, NC US","2021-11-11","0.12","0.0","0.0",,"72","46"
"USW00013881","CHARLOTTE DOUGLAS AIRPORT, NC US","2021-11-12","0.43","0.0","0.0",,"70","48"
"USW00013881","CHARLOTTE DOUGLAS AIRPORT, NC US","2021-11-13","0.00","0.0","0.0",,"65","39"
"USW00013881","CHARLOTTE DOUGLAS AIRPORT, NC US","2021-11-14","0.00","0.0","0.0",,"58","35"
"USW00013881","CHARLOTTE DOUGLAS AIRPORT, NC US","2021-11-15","0.00","0.0","0.0",,"61","35"
"USW00013881","CHARLOTTE DOUGLAS AIRPORT, NC US","2021-11-16","0.00","0.0","0.0",,"68","31"
"USW00013881","CHARLOTTE DOUGLAS AIRPORT, NC US","2021-11-17","0.00","0.0","0.0",,"74","46"
"USW00013881","CHARLOTTE DOUGLAS AIRPORT, NC US","2021-11-18","0.00","0.0","0.0",,"76","49"
"USW00013881","CHARLOTTE DOUGLAS AIRPORT, NC US","2021-11-19","0.00","0.0","0.0",,"57","36"
"USW00013881","CHARLOTTE DOUGLAS AIRPORT, NC US","2021-11-20","0.00","0.0","0.0",,"55","30"
"USW00013881","CHARLOTTE DOUGLAS AIRPORT, NC US","2021-11-21","0.00","0.0","0.0",,"61","30"
"USW00013881","CHARLOTTE DOUGLAS AIRPORT, NC US","2021-11-22","0.24","0.0","0.0",,"62","41"
"USW00013881","CHARLOTTE DOUGLAS AIRPORT, NC US","2021-11-23","0.00","0.0","0.0",,"52","28"
"USW00013881","CHARLOTTE DOUGLAS AIRPORT, NC US","2021-11-24","0.00","0.0","0.0",,"55","23"
"USW00013881","CHARLOTTE DOUGLAS AIRPORT, NC US","2021-11-25","0.00","0.0","0.0",,"64","31"
"USW00013881","CHARLOTTE DOUGLAS AIRPORT, NC US","2021-11-26","0.05","0.0","0.0",,"59","29"
"USW00013881","CHARLOTTE DOUGLAS AIRPORT, NC US","2021-11-27","0.00","0.0","0.0",,"57","26"
"USW00013881","CHARLOTTE DOUGLAS AIRPORT, NC US","2021-11-28","0.00","0.0","0.0",,"63","33"
"USW00013881","CHARLOTTE DOUGLAS AIRPORT, NC US","2021-11-29","0.00","0.0","0.0",,"50","34"
"USW00013881","CHARLOTTE DOUGLAS AIRPORT, NC US","2021-11-30","0.00","0.0","0.0",,"62","26"
"USW00013881","CHARLOTTE DOUGLAS AIRPORT, NC US","2021-12-01","0.00","0.0","0.0",,"68","31"
"USW00013881","CHARLOTTE DOUGLAS AIRPORT, NC US","2021-12-02","0.00","0.0","0.0",,"73","42"
"USW00013881","CHARLOTTE DOUGLAS AIRPORT, NC US","2021-12-03","0.00","0.0","0.0",,"78","42"
"USW00013881","CHARLOTTE DOUGLAS AIRPORT, NC US","2021-12-04","0.00","0.0","0.0",,"75","42"
"USW00013881","CHARLOTTE DOUGLAS AIRPORT, NC US","2021-12-05","0.00","0.0","0.0",,"65","49"
"USW00013881","CHARLOTTE DOUGLAS AIRPORT, NC US","2021-12-06","0.00","0.0","0.0",,"69","50"
"USW00013881","CHARLOTTE DOUGLAS AIRPORT, NC US","2021-12-07","0.00","0.0","0.0",,"58","40"
"USW00013881","CHARLOTTE DOUGLAS AIRPORT, NC US","2021-12-08","0.50","0.0","0.0",,"54","34"
"USW00013881","CHARLOTTE DOUGLAS AIRPORT, NC US","2021-12-09","0.00","0.0","0.0",,"47","29"
"USW00013881","CHARLOTTE DOUGLAS AIRPORT, NC US","2021-12-10","0.03","0.0","0.0",,"53","44"
"USW00013881","CHARLOTTE DOUGLAS AIRPORT, NC US","2021-12-11","0.44","0.0","0.0",,"75","53"
"USW00013881","CHARLOTTE DOUGLAS AIRPORT, NC US","2021-12-12","0.00","0.0","0.0",,"56","30"
"USW00013881","CHARLOTTE DOUGLAS AIRPORT, NC US","2021-12-13","0.00","0.0","0.0",,"59","23"
"USW00013881","CHARLOTTE DOUGLAS AIRPORT, NC US","2021-12-14","0.00","0.0","0.0",,"66","26"
"USW00013881","CHARLOTTE DOUGLAS AIRPORT, NC US","2021-12-15","0.00","0.0","0.0",,"61","28"
"USW00013881","CHARLOTTE DOUGLAS AIRPORT, NC US","2021-12-16","0.00","0.0","0.0",,"71","34"
"USW00013881","CHARLOTTE DOUGLAS AIRPORT, NC US","2021-12-17","0.00","0.0","0.0",,"73","56"
"USW00013881","CHARLOTTE DOUGLAS AIRPORT, NC US","2021-12-18","0.43","0.0","0.0",,"72","56"
"USW00013881","CHARLOTTE DOUGLAS AIRPORT, NC US","2021-12-19","0.49","0.0","0.0",,"63","38"
"USW00013881","CHARLOTTE DOUGLAS AIRPORT, NC US","2021-12-20","0.00","0.0","0.0",,"47","28"
"USW00013881","CHARLOTTE DOUGLAS AIRPORT, NC US","2021-12-21","0.00","0.0","0.0",,"45","30"
"USW00013881","CHARLOTTE DOUGLAS AIRPORT, NC US","2021-12-22","0.00","0.0","0.0",,"61","34"
"USW00013881","CHARLOTTE DOUGLAS AIRPORT, NC US","2021-12-23","0.00","0.0","0.0",,"56","29"
"USW00013881","CHARLOTTE DOUGLAS AIRPORT, NC US","2021-12-24","0.00","0.0","0.0",,"61","35"
"USW00013881","CHARLOTTE DOUGLAS AIRPORT, NC US","2021-12-25","0.00","0.0","0.0",,"71","53"
"USW00013881","CHARLOTTE DOUGLAS AIRPORT, NC US","2021-12-26","0.00","0.0","0.0",,"77","53"
"USW00013881","CHARLOTTE DOUGLAS AIRPORT, NC US","2021-12-27","0.00","0.0","0.0",,"72","50"
"USW00013881","CHARLOTTE DOUGLAS AIRPORT, NC US","2021-12-28","0.00","0.0","0.0",,"72","52"
"USW00013881","CHARLOTTE DOUGLAS AIRPORT, NC US","2021-12-29","0.12","0.0","0.0",,"69","64"
"USW00013881","CHARLOTTE DOUGLAS AIRPORT, NC US","2021-12-30","0.13","0.0","0.0",,"66","62"
"USW00013881","CHARLOTTE DOUGLAS AIRPORT, NC US","2021-12-31","0.00","0.0","0.0",,"73","57"
"USW00013881","CHARLOTTE DOUGLAS AIRPORT, NC US","2022-01-01","0.13","0.0","0.0",,"78","65"
"USW00013881","CHARLOTTE DOUGLAS AIRPORT, NC US","2022-01-02","0.50","0.0","0.0",,"71","59"
"USW00013881","CHARLOTTE DOUGLAS AIRPORT, NC US","2022-01-03","1.79","0.0","0.0",,"59","30"
"USW00013881","CHARLOTTE DOUGLAS AIRPORT, NC US","2022-01-04","0.00","0.0","0.0",,"46","28"
"USW00013881","CHARLOTTE DOUGLAS AIRPORT, NC US","2022-01-05","0.00","0.0","0.0",,"60","38"
"USW00013881","CHARLOTTE DOUGLAS AIRPORT, NC US","2022-01-06","0.00","0.0","0.0",,"62","34"
"USW00013881","CHARLOTTE DOUGLAS AIRPORT, NC US","2022-01-07","0.00","0.0","0.0",,"49","30"
"USW00013881","CHARLOTTE DOUGLAS AIRPORT, NC US","2022-01-08","0.00","0.0","0.0",,"44","26"
"USW00013881","CHARLOTTE DOUGLAS AIRPORT, NC US","2022-01-09","0.37","0.0","0.0",,"59","41"
"USW00013881","CHARLOTTE DOUGLAS AIRPORT, NC US","2022-01-10","0.00","0.0","0.0",,"52","36"
"USW00013881","CHARLOTTE DOUGLAS AIRPORT, NC US","2022-01-11","0.00","0.0","0.0",,"47","26"
"USW00013881","CHARLOTTE DOUGLAS AIRPORT, NC US","2022-01-12","0.00","0.0","0.0",,"52","23"
"USW00013881","CHARLOTTE DOUGLAS AIRPORT, NC US","2022-01-13","0.00","0.0","0.0",,"54","27"
"USW00013881","CHARLOTTE DOUGLAS AIRPORT, NC US","2022-01-14","0.00","0.0","0.0",,"59","30"
"USW00013881","CHARLOTTE DOUGLAS AIRPORT, NC US","2022-01-15","0.00","0.0","0.0",,"44","31"
"USW00013881","CHARLOTTE DOUGLAS AIRPORT, NC US","2022-01-16","0.98","2.2","1.2",,"38","26"
"USW00013881","CHARLOTTE DOUGLAS AIRPORT, NC US","2022-01-17","0.00","0.0","1.2",,"43","30"
"USW00013881","CHARLOTTE DOUGLAS AIRPORT, NC US","2022-01-18","0.00","0.0","0.0",,"50","20"
"USW00013881","CHARLOTTE DOUGLAS AIRPORT, NC US","2022-01-19","0.00","0.0","0.0",,"59","29"
"USW00013881","CHARLOTTE DOUGLAS AIRPORT, NC US","2022-01-20","0.18","0.0","0.0",,"49","35"
"USW00013881","CHARLOTTE DOUGLAS AIRPORT, NC US","2022-01-21","0.15","1.9","0.0",,"35","26"
"USW00013881","CHARLOTTE DOUGLAS AIRPORT, NC US","2022-01-22","0.00","0.0","2.0",,"38","18"
"USW00013881","CHARLOTTE DOUGLAS AIRPORT, NC US","2022-01-23","0.00","0.0","0.0",,"51","21"
"USW00013881","CHARLOTTE DOUGLAS AIRPORT, NC US","2022-01-24","0.00","0.0","0.0",,"55","26"
"USW00013881","CHARLOTTE DOUGLAS AIRPORT, NC US","2022-01-25","0.00","0.0","0.0",,"62","38"
"USW00013881","CHARLOTTE DOUGLAS AIRPORT, NC US","2022-01-26","0.00","0.0","0.0",,"48","34"
"USW00013881","CHARLOTTE DOUGLAS AIRPORT, NC US","2022-01-27","0.00","0.0","0.0",,"46","25"
"USW00013881","CHARLOTTE DOUGLAS AIRPORT, NC US","2022-01-28","0.05","0.0","0.0",,"48","28"
"USW00013881","CHARLOTTE DOUGLAS AIRPORT, NC US","2022-01-29","0.01","0.2","0.0",,"39","22"
"USW00013881","CHARLOTTE DOUGLAS AIRPORT, NC US","2022-01-30","0.00","0.0","0.0",,"51","19"
"USW00013881","CHARLOTTE DOUGLAS AIRPORT, NC US","2022-01-31","0.00","0.0","0.0",,"58","24"
"USW00013881","CHARLOTTE DOUGLAS AIRPORT, NC US","2022-02-01","0.00","0.0","0.0",,"54","29"
"USW00013881","CHARLOTTE DOUGLAS AIRPORT, NC US","2022-02-02","0.00","0.0","0.0",,"56","27"
"USW00013881","CHARLOTTE DOUGLAS AIRPORT, NC US","2022-02-03","0.24","0.0","0.0",,"64","43"
"USW00013881","CHARLOTTE DOUGLAS AIRPORT, NC US","2022-02-04","0.43","0.0","0.0",,"66","47"
"USW00013881","CHARLOTTE DOUGLAS AIRPORT, NC US","2022-02-05","0.00","0.0","0.0",,"47","31"
"USW00013881","CHARLOTTE DOUGLAS AIRPORT, NC US","2022-02-06","0.00","0.0","0.0",,"46","26"
"USW00013881","CHARLOTTE DOUGLAS AIRPORT, NC US","2022-02-07","0.46","0.0","0.0",,"42","32"
"USW00013881","CHARLOTTE DOUGLAS AIRPORT, NC US","2022-02-08","0.00","0.0","0.0",,"56","33"
"USW00013881","CHARLOTTE DOUGLAS AIRPORT, NC US","2022-02-09","0.00","0.0","0.0",,"59","26"
"USW00013881","CHARLOTTE DOUGLAS AIRPORT, NC US","2022-02-10","0.00","0.0","0.0",,"67","35"
"USW00013881","CHARLOTTE DOUGLAS AIRPORT, NC US","2022-02-11","0.00","0.0","0.0",,"69","36"
"USW00013881","CHARLOTTE DOUGLAS AIRPORT, NC US","2022-02-12","0.00","0.0","0.0",,"72","41"
"USW00013881","CHARLOTTE DOUGLAS AIRPORT, NC US","2022-02-13","0.00","0.0","0.0",,"52","27"
"USW00013881","CHARLOTTE DOUGLAS AIRPORT, NC US","2022-02-14","0.00","0.0","0.0",,"55","24"
"USW00013881","CHARLOTTE DOUGLAS AIRPORT, NC US","2022-02-15","0.00","0.0","0.0",,"55","32"
"USW00013881","CHARLOTTE DOUGLAS AIRPORT, NC US","2022-02-16","0.00","0.0","0.0",,"68","33"
"USW00013881","CHARLOTTE DOUGLAS AIRPORT, NC US","2022-02-17","0.00","0.0","0.0",,"74","50"
"USW00013881","CHARLOTTE DOUGLAS AIRPORT, NC US","2022-02-18","0.53","0.0","0.0",,"70","38"
"USW00013881","CHARLOTTE DOUGLAS AIRPORT, NC US","2022-02-19","0.00","0.0","0.0",,"61","26"
"USW00013881","CHARLOTTE DOUGLAS AIRPORT, NC US","2022-02-20","0.00","0.0","0.0",,"55","25"
"USW00013881","CHARLOTTE DOUGLAS AIRPORT, NC US","2022-02-21","0.00","0.0","0.0",,"63","33"
"USW00013881","CHARLOTTE DOUGLAS AIRPORT, NC US","2022-02-22","0.00","0.0","0.0",,"74","52"
"USW00013881","CHARLOTTE DOUGLAS AIRPORT, NC US","2022-02-23","0.53","0.0","0.0",,"65","52"
"USW00013881","CHARLOTTE DOUGLAS AIRPORT, NC US","2022-02-24","0.00","0.0","0.0",,"59","48"
"USW00013881","CHARLOTTE DOUGLAS AIRPORT, NC US","2022-02-25","0.00","0.0","0.0",,"75","45"
"USW00013881","CHARLOTTE DOUGLAS AIRPORT, NC US","2022-02-26","0.01","0.0","0.0",,"54","44"
"USW00013881","CHARLOTTE DOUGLAS AIRPORT, NC US","2022-02-27","0.45","0.0","0.0",,"47","36"
"USW00013881","CHARLOTTE DOUGLAS AIRPORT, NC US","2022-02-28","0.00","0.0","0.0",,"62","29"
"USW00013881","CHARLOTTE DOUGLAS AIRPORT, NC US","2022-03-01","0.00","0.0","0.0",,"67","35"
"USW00013881","CHARLOTTE DOUGLAS AIRPORT, NC US","2022-03-02","0.00","0.0","0.0",,"78","37"
"USW00013881","CHARLOTTE DOUGLAS AIRPORT, NC US","2022-03-03","0.00","0.0","0.0",,"85","44"
"USW00013881","CHARLOTTE DOUGLAS AIRPORT, NC US","2022-03-04","0.00","0.0","0.0",,"64","48"
"USW00013881","CHARLOTTE DOUGLAS AIRPORT, NC US","2022-03-05","0.00","0.0","0.0",,"72","40"
"USW00013881","CHARLOTTE DOUGLAS AIRPORT, NC US","2022-03-06","0.00","0.0","0.0",,"80","58"
"USW00013881","CHARLOTTE DOUGLAS AIRPORT, NC US","2022-03-07","0.23","0.0","0.0",,"82","63"
"USW00013881","CHARLOTTE DOUGLAS AIRPORT, NC US","2022-03-08","1.31","0.0","0.0",,"64","51"
"USW00013881","CHARLOTTE DOUGLAS AIRPORT, NC US","2022-03-09","1.12","0.0","0.0",,"58","51"
"USW00013881","CHARLOTTE DOUGLAS AIRPORT, NC US","2022-03-10","0.00","0.0","0.0",,"52","45"
"USW00013881","CHARLOTTE DOUGLAS AIRPORT, NC US","2022-03-11","0.07","0.0","0.0",,"65","36"
"USW00013881","CHARLOTTE DOUGLAS AIRPORT, NC US","2022-03-12","1.17","0.0","0.0",,"55","26"
"USW00013881","CHARLOTTE DOUGLAS AIRPORT, NC US","2022-03-13","0.00","0.0","0.0",,"52","20"
"USW00013881","CHARLOTTE DOUGLAS AIRPORT, NC US","2022-03-14","0.00","0.0","0.0",,"66","32"
"USW00013881","CHARLOTTE DOUGLAS AIRPORT, NC US","2022-03-15","0.00","0.0","0.0",,"68","36"
"USW00013881","CHARLOTTE DOUGLAS AIRPORT, NC US","2022-03-16","0.80","0.0","0.0",,"62","50"
"USW00013881","CHARLOTTE DOUGLAS AIRPORT, NC US","2022-03-17","0.00","0.0","0.0",,"75","53"
"USW00013881","CHARLOTTE DOUGLAS AIRPORT, NC US","2022-03-18","0.00","0.0","0.0",,"74","48"
"USW00013881","CHARLOTTE DOUGLAS AIRPORT, NC US","2022-03-19","0.05","0.0","0.0",,"79","56"
"USW00013881","CHARLOTTE DOUGLAS AIRPORT, NC US","2022-03-20","0.00","0.0","0.0",,"69","42"
"USW00013881","CHARLOTTE DOUGLAS AIRPORT, NC US","2022-03-21","0.00","0.0","0.0",,"72","35"
"USW00013881","CHARLOTTE DOUGLAS AIRPORT, NC US","2022-03-22","0.00","0.0","0.0",,"75","49"
"USW00013881","CHARLOTTE DOUGLAS AIRPORT, NC US","2022-03-23","0.21","0.0","0.0",,"73","61"
"USW00013881","CHARLOTTE DOUGLAS AIRPORT, NC US","2022-03-24","0.00","0.0","0.0",,"69","54"
"USW00013881","CHARLOTTE DOUGLAS AIRPORT, NC US","2022-03-25","0.00","0.0","0.0",,"70","43"
"USW00013881","CHARLOTTE DOUGLAS AIRPORT, NC US","2022-03-26","0.00","0.0","0.0",,"65","40"
"USW00013881","CHARLOTTE DOUGLAS AIRPORT, NC US","2022-03-27","0.00","0.0","0.0",,"64","34"
"USW00013881","CHARLOTTE DOUGLAS AIRPORT, NC US","2022-03-28","0.00","0.0","0.0",,"66","28"
"USW00013881","CHARLOTTE DOUGLAS AIRPORT, NC US","2022-03-29","0.00","0.0","0.0",,"60","43"
"USW00013881","CHARLOTTE DOUGLAS AIRPORT, NC US","2022-03-30","0.00","0.0","0.0",,"76","47"
"USW00013881","CHARLOTTE DOUGLAS AIRPORT, NC US","2022-03-31","1.09","0.0","0.0",,"75","63"
"USW00013881","CHARLOTTE DOUGLAS AIRPORT, NC US","2022-04-01","0.00","0.0","0.0",,"73","51"
"USW00013881","CHARLOTTE DOUGLAS AIRPORT, NC US","2022-04-02","0.00","0.0","0.0",,"63","44"
"USW00013881","CHARLOTTE DOUGLAS AIRPORT, NC US","2022-04-03","0.00","0.0","0.0",,"72","40"
"USW00013881","CHARLOTTE DOUGLAS AIRPORT, NC US","2022-04-04","0.00","0.0","0.0",,"70","47"
"USW00013881","CHARLOTTE DOUGLAS AIRPORT, NC US","2022-04-05","1.46","0.0","0.0",,"71","51"
"USW00013881","CHARLOTTE DOUGLAS AIRPORT, NC US","2022-04-06","0.00","0.0","0.0",,"81","60"
"USW00013881","CHARLOTTE DOUGLAS AIRPORT, NC US","2022-04-07","0.10","0.0","0.0",,"76","53"
"USW00013881","CHARLOTTE DOUGLAS AIRPORT, NC US","2022-04-08","0.00","0.0","0.0",,"63","39"
"USW00013881","CHARLOTTE DOUGLAS AIRPORT, NC US","2022-04-09","0.00","0.0","0.0",,"54","38"
"USW00013881","CHARLOTTE DOUGLAS AIRPORT, NC US","2022-04-10","0.00","0.0","0.0",,"70","31"
"USW00013881","CHARLOTTE DOUGLAS AIRPORT, NC US","2022-04-11","0.00","0.0","0.0",,"80","45"
"USW00013881","CHARLOTTE DOUGLAS AIRPORT, NC US","2022-04-12","0.00","0.0","0.0",,"81","53"
"USW00013881","CHARLOTTE DOUGLAS AIRPORT, NC US","2022-04-13","0.00","0.0","0.0",,"82","59"
"USW00013881","CHARLOTTE DOUGLAS AIRPORT, NC US","2022-04-14","0.00","0.0","0.0",,"79","60"
"USW00013881","CHARLOTTE DOUGLAS AIRPORT, NC US","2022-04-15","0.00","0.0","0.0",,"74","53"
"USW00013881","CHARLOTTE DOUGLAS AIRPORT, NC US","2022-04-16","0.00","0.0","0.0",,"76","53"
"USW00013881","CHARLOTTE DOUGLAS AIRPORT, NC US","2022-04-17","0.03","0.0","0.0",,"80","53"
"USW00013881","CHARLOTTE DOUGLAS AIRPORT, NC US","2022-04-18","1.74","0.0","0.0",,"63","46"
"USW00013881","CHARLOTTE DOUGLAS AIRPORT, NC US","2022-04-19","0.00","0.0","0.0",,"63","37"
"USW00013881","CHARLOTTE DOUGLAS AIRPORT, NC US","2022-04-20","0.00","0.0","0.0",,"67","39"
"USW00013881","CHARLOTTE DOUGLAS AIRPORT, NC US","2022-04-21","0.00","0.0","0.0",,"75","49"
"USW00013881","CHARLOTTE DOUGLAS AIRPORT, NC US","2022-04-22","0.00","0.0","0.0",,"84","52"
"USW00013881","CHARLOTTE DOUGLAS AIRPORT, NC US","2022-04-23","0.00","0.0","0.0",,"81","58"
"USW00013881","CHARLOTTE DOUGLAS AIRPORT, NC US","2022-04-24","0.00","0.0","0.0",,"81","59"
"USW00013881","CHARLOTTE DOUGLAS AIRPORT, NC US","2022-04-25","0.00","0.0","0.0",,"84","60"
"USW00013881","CHARLOTTE DOUGLAS AIRPORT, NC US","2022-04-26","0.00","0.0","0.0",,"84","57"
"USW00013881","CHARLOTTE DOUGLAS AIRPORT, NC US","2022-04-27","0.00","0.0","0.0",,"75","41"
"USW00013881","CHARLOTTE DOUGLAS AIRPORT, NC US","2022-04-28","0.00","0.0","0.0",,"76","43"
"USW00013881","CHARLOTTE DOUGLAS AIRPORT, NC US","2022-04-29","0.00","0.0","0.0",,"76","54"
"USW00013881","CHARLOTTE DOUGLAS AIRPORT, NC US","2022-04-30","0.00","0.0","0.0",,"81","62"
"USW00013881","CHARLOTTE DOUGLAS AIRPORT, NC US","2022-05-01","0.00","0.0","0.0",,"82","57"
"USW00013881","CHARLOTTE DOUGLAS AIRPORT, NC US","2022-05-02","0.00","0.0","0.0",,"87","62"
"USW00013881","CHARLOTTE DOUGLAS AIRPORT, NC US","2022-05-03","0.08","0.0","0.0",,"87","63"
"USW00013881","CHARLOTTE DOUGLAS AIRPORT, NC US","2022-05-04","0.90","0.0","0.0",,"88","67"
"USW00013881","CHARLOTTE DOUGLAS AIRPORT, NC US","2022-05-05","0.00","0.0","0.0",,"82","63"
"USW00013881","CHARLOTTE DOUGLAS AIRPORT, NC US","2022-05-06","0.05","0.0","0.0",,"82","63"
"USW00013881","CHARLOTTE DOUGLAS AIRPORT, NC US","2022-05-07","0.01","0.0","0.0",,"76","55"
"USW00013881","CHARLOTTE DOUGLAS AIRPORT, NC US","2022-05-08","0.00","0.0","0.0",,"60","50"
"USW00013881","CHARLOTTE DOUGLAS AIRPORT, NC US","2022-05-09","0.00","0.0","0.0",,"73","44"
"USW00013881","CHARLOTTE DOUGLAS AIRPORT, NC US","2022-05-10","0.00","0.0","0.0",,"80","44"
"USW00013881","CHARLOTTE DOUGLAS AIRPORT, NC US","2022-05-11","0.00","0.0","0.0",,"81","51"
"USW00013881","CHARLOTTE DOUGLAS AIRPORT, NC US","2022-05-12","0.03","0.0","0.0",,"78","58"
"USW00013881","CHARLOTTE DOUGLAS AIRPORT, NC US","2022-05-13","0.05","0.0","0.0",,"78","64"
"USW00013881","CHARLOTTE DOUGLAS AIRPORT, NC US","2022-05-14","0.00","0.0","0.0",,"80","61"
"USW00013881","CHARLOTTE DOUGLAS AIRPORT, NC US","2022-05-15","0.00","0.0","0.0",,"86","58"
"USW00013881","CHARLOTTE DOUGLAS AIRPORT, NC US","2022-05-16","0.00","0.0","0.0",,"87","64"
"USW00013881","CHARLOTTE DOUGLAS AIRPORT, NC US","2022-05-17","0.00","0.0","0.0",,"84","54"
"USW00013881","CHARLOTTE DOUGLAS AIRPORT, NC US","2022-05-18","0.00","0.0","0.0",,"88","53"
"USW00013881","CHARLOTTE DOUGLAS AIRPORT, NC US","2022-05-19","0.00","0.0","0.0",,"93","66"
"USW00013881","CHARLOTTE DOUGLAS AIRPORT, NC US","2022-05-20","0.00","0.0","0.0",,"94","72"
"USW00013881","CHARLOTTE DOUGLAS AIRPORT, NC US","2022-05-21","0.27","0.0","0.0",,"90","69"
"USW00013881","CHARLOTTE DOUGLAS AIRPORT, NC US","2022-05-22","0.32","0.0","0.0",,"88","69"
"USW00013881","CHARLOTTE DOUGLAS AIRPORT, NC US","2022-05-23","0.62","0.0","0.0",,"76","67"
"USW00013881","CHARLOTTE DOUGLAS AIRPORT, NC US","2022-05-24","0.02","0.0","0.0",,"77","62"
"USW00013881","CHARLOTTE DOUGLAS AIRPORT, NC US","2022-05-25","0.00","0.0","0.0",,"72","62"
"USW00013881","CHARLOTTE DOUGLAS AIRPORT, NC US","2022-05-26","0.15","0.0","0.0",,"82","64"
"USW00013881","CHARLOTTE DOUGLAS AIRPORT, NC US","2022-05-27","0.41","0.0","0.0",,"83","68"
"USW00013881","CHARLOTTE DOUGLAS AIRPORT, NC US","2022-05-28","0.00","0.0","0.0",,"83","57"
"USW00013881","CHARLOTTE DOUGLAS AIRPORT, NC US","2022-05-29","0.00","0.0","0.0",,"88","61"
"USW00013881","CHARLOTTE DOUGLAS AIRPORT, NC US","2022-05-30","0.00","0.0","0.0",,"89","69"
"USW00013881","CHARLOTTE DOUGLAS AIRPORT, NC US","2022-05-31","0.00","0.0","0.0",,"91","67"
"USW00013881","CHARLOTTE DOUGLAS AIRPORT, NC US","2022-06-01","0.00","0.0","0.0",,"95","65"
"USW00013881","CHARLOTTE DOUGLAS AIRPORT, NC US","2022-06-02","0.00","0.0","0.0",,"94","68"
"USW00013881","CHARLOTTE DOUGLAS AIRPORT, NC US","2022-06-03","0.26","0.0","0.0",,"85","66"
"USW00013881","CHARLOTTE DOUGLAS AIRPORT, NC US","2022-06-04","0.00","0.0","0.0",,"84","63"
"USW00013881","CHARLOTTE DOUGLAS AIRPORT, NC US","2022-06-05","0.00","0.0","0.0",,"84","59"
"USW00013881","CHARLOTTE DOUGLAS AIRPORT, NC US","2022-06-06","0.00","0.0","0.0",,"85","60"
"USW00013881","CHARLOTTE DOUGLAS AIRPORT, NC US","2022-06-07","0.00","0.0","0.0",,"85","66"
"USW00013881","CHARLOTTE DOUGLAS AIRPORT, NC US","2022-06-08","0.00","0.0","0.0",,"92","70"
"USW00013881","CHARLOTTE DOUGLAS AIRPORT, NC US","2022-06-09","0.01","0.0","0.0",,"92","71"
"USW00013881","CHARLOTTE DOUGLAS AIRPORT, NC US","2022-06-10","0.00","0.0","0.0",,"85","64"
"USW00013881","CHARLOTTE DOUGLAS AIRPORT, NC US","2022-06-11","0.00","0.0","0.0",,"89","64"
"USW00013881","CHARLOTTE DOUGLAS AIRPORT, NC US","2022-06-12","0.00","0.0","0.0",,"94","71"
"USW00013881","CHARLOTTE DOUGLAS AIRPORT, NC US","2022-06-13","0.00","0.0","0.0",,"98","74"
"USW00013881","CHARLOTTE DOUGLAS AIRPORT, NC US","2022-06-14","0.46","0.0","0.0",,"90","72"
"USW00013881","CHARLOTTE DOUGLAS AIRPORT, NC US","2022-06-15","0.00","0.0","0.0",,"98","73"
"USW00013881","CHARLOTTE DOUGLAS AIRPORT, NC US","2022-06-16","0.05","0.0","0.0",,"97","70"
"USW00013881","CHARLOTTE DOUGLAS AIRPORT, NC US","2022-06-17","0.00","0.0","0.0",,"98","71"
"USW00013881","CHARLOTTE DOUGLAS AIRPORT, NC US","2022-06-18","0.00","0.0","0.0",,"92","65"
"USW00013881","CHARLOTTE DOUGLAS AIRPORT, NC US","2022-06-19","0.00","0.0","0.0",,"85","59"
"USW00013881","CHARLOTTE DOUGLAS AIRPORT, NC US","2022-06-20","0.00","0.0","0.0",,"86","55"
"USW00013881","CHARLOTTE DOUGLAS AIRPORT, NC US","2022-06-21","0.00","0.0","0.0",,"93","58"
"USW00013881","CHARLOTTE DOUGLAS AIRPORT, NC US","2022-06-22","0.00","0.0","0.0",,"101","62"
"USW00013881","CHARLOTTE DOUGLAS AIRPORT, NC US","2022-06-23","0.00","0.0","0.0",,"94","72"
"USW00013881","CHARLOTTE DOUGLAS AIRPORT, NC US","2022-06-24","0.00","0.0","0.0",,"91","73"
"USW00013881","CHARLOTTE DOUGLAS AIRPORT, NC US","2022-06-25","0.00","0.0","0.0",,"91","73"
"USW00013881","CHARLOTTE DOUGLAS AIRPORT, NC US","2022-06-26","0.00","0.0","0.0",,"91","70"
"USW00013881","CHARLOTTE DOUGLAS AIRPORT, NC US","2022-06-27","0.31","0.0","0.0",,"90","71"
"USW00013881","CHARLOTTE DOUGLAS AIRPORT, NC US","2022-06-28","0.00","0.0","0.0",,"82","68"
"USW00013881","CHARLOTTE DOUGLAS AIRPORT, NC US","2022-06-29","0.08","0.0","0.0",,"86","71"
"USW00013881","CHARLOTTE DOUGLAS AIRPORT, NC US","2022-06-30","0.00","0.0","0.0",,"91","68"
"USW00013881","CHARLOTTE DOUGLAS AIRPORT, NC US","2022-07-01","0.07","0.0","0.0",,"86","72"
"USW00013881","CHARLOTTE DOUGLAS AIRPORT, NC US","2022-07-02","0.00","0.0","0.0",,"94","68"
"USW00013881","CHARLOTTE DOUGLAS AIRPORT, NC US","2022-07-03","0.01","0.0","0.0",,"97","71"
"USW00013881","CHARLOTTE DOUGLAS AIRPORT, NC US","2022-07-04","0.01","0.0","0.0",,"90","73"
"USW00013881","CHARLOTTE DOUGLAS AIRPORT, NC US","2022-07-05","0.28","0.0","0.0",,"95","72"
"USW00013881","CHARLOTTE DOUGLAS AIRPORT, NC US","2022-07-06","0.03","0.0","0.0",,"98","71"
"USW00013881","CHARLOTTE DOUGLAS AIRPORT, NC US","2022-07-07","0.00","0.0","0.0",,"99","72"
"USW00013881","CHARLOTTE DOUGLAS AIRPORT, NC US","2022-07-08","0.16","0.0","0.0",,"96","73"
"USW00013881","CHARLOTTE DOUGLAS AIRPORT, NC US","2022-07-09","0.35","0.0","0.0",,"95","73"
"USW00013881","CHARLOTTE DOUGLAS AIRPORT, NC US","2022-07-10","0.29","0.0","0.0",,"77","68"
"USW00013881","CHARLOTTE DOUGLAS AIRPORT, NC US","2022-07-11","0.00","0.0","0.0",,"85","67"
"USW00013881","CHARLOTTE DOUGLAS AIRPORT, NC US","2022-07-12","0.00","0.0","0.0",,"89","68"
"USW00013881","CHARLOTTE DOUGLAS AIRPORT, NC US","2022-07-13","0.72","0.0","0.0",,"92","73"
"USW00013881","CHARLOTTE DOUGLAS AIRPORT, NC US","2022-07-14","0.00","0.0","0.0",,"88","72"
"USW00013881","CHARLOTTE DOUGLAS AIRPORT, NC US","2022-07-15","0.00","0.0","0.0",,"92","69"
"USW00013881","CHARLOTTE DOUGLAS AIRPORT, NC US","2022-07-16","0.65","0.0","0.0",,"91","72"
"USW00013881","CHARLOTTE DOUGLAS AIRPORT, NC US","2022-07-17","0.00","0.0","0.0",,"92","71"
"USW00013881","CHARLOTTE DOUGLAS AIRPORT, NC US","2022-07-18","0.01","0.0","0.0",,"92","72"
"USW00013881","CHARLOTTE DOUGLAS AIRPORT, NC US","2022-07-19","0.14","0.0","0.0",,"92","71"
"USW00013881","CHARLOTTE DOUGLAS AIRPORT, NC US","2022-07-20","0.21","0.0","0.0",,"91","70"
"USW00013881","CHARLOTTE DOUGLAS AIRPORT, NC US","2022-07-21","0.00","0.0","0.0",,"91","76"
"USW00013881","CHARLOTTE DOUGLAS AIRPORT, NC US","2022-07-22","0.00","0.0","0.0",,"94","75"
"USW00013881","CHARLOTTE DOUGLAS AIRPORT, NC US","2022-07-23","0.00","0.0","0.0",,"95","74"
"USW00013881","CHARLOTTE DOUGLAS AIRPORT, NC US","2022-07-24","0.00","0.0","0.0",,"95","72"
"USW00013881","CHARLOTTE DOUGLAS AIRPORT, NC US","2022-07-25","0.17","0.0","0.0",,"92","72"
"USW00013881","CHARLOTTE DOUGLAS AIRPORT, NC US","2022-07-26","0.01","0.0","0.0",,"91","74"
"USW00013881","CHARLOTTE DOUGLAS AIRPORT, NC US","2022-07-27","0.00","0.0","0.0",,"95","76"
"USW00013881","CHARLOTTE DOUGLAS AIRPORT, NC US","2022-07-28","0.67","0.0","0.0",,"97","76"
"USW00013881","CHARLOTTE DOUGLAS AIRPORT, NC US","2022-07-29","0.00","0.0","0.0",,"96","74"
"USW00013881","CHARLOTTE DOUGLAS AIRPORT, NC US","2022-07-30","1.60","0.0","0.0",,"92","73"
"USW00013881","CHARLOTTE DOUGLAS AIRPORT, NC US","2022-07-31","0.13","0.0","0.0",,"91","73"
"USW00013881","CHARLOTTE DOUGLAS AIRPORT, NC US","2022-08-01","0.00","0.0","0.0",,"85","73"
"USW00013881","CHARLOTTE DOUGLAS AIRPORT, NC US","2022-08-02","0.00","0.0","0.0",,"92","68"
"USW00013881","CHARLOTTE DOUGLAS AIRPORT, NC US","2022-08-03","0.00","0.0","0.0",,"94","70"
"USW00013881","CHARLOTTE DOUGLAS AIRPORT, NC US","2022-08-04","0.62","0.0","0.0",,"93","72"
"USW00013881","CHARLOTTE DOUGLAS AIRPORT, NC US","2022-08-05","0.00","0.0","0.0",,"91","73"
"USW00013881","CHARLOTTE DOUGLAS AIRPORT, NC US","2022-08-06","0.16","0.0","0.0",,"91","70"
"USW00013881","CHARLOTTE DOUGLAS AIRPORT, NC US","2022-08-07","0.00","0.0","0.0",,"92","68"
"USW00013881","CHARLOTTE DOUGLAS AIRPORT, NC US","2022-08-08","0.00","0.0","0.0",,"93","72"
"USW00013881","CHARLOTTE DOUGLAS AIRPORT, NC US","2022-08-09","0.00","0.0","0.0",,"92","73"
"USW00013881","CHARLOTTE DOUGLAS AIRPORT, NC US","2022-08-10","0.00","0.0","0.0",,"91","72"
"USW00013881","CHARLOTTE DOUGLAS AIRPORT, NC US","2022-08-11","0.05","0.0","0.0",,"86","72"
"USW00013881","CHARLOTTE DOUGLAS AIRPORT, NC US","2022-08-12","1.19","0.0","0.0",,"88","66"
"USW00013881","CHARLOTTE DOUGLAS AIRPORT, NC US","2022-08-13","0.00","0.0","0.0",,"85","62"
"USW00013881","CHARLOTTE DOUGLAS AIRPORT, NC US","2022-08-14","0.00","0.0","0.0",,"87","62"
"USW00013881","CHARLOTTE DOUGLAS AIRPORT, NC US","2022-08-15","0.10","0.0","0.0",,"88","68"
"USW00013881","CHARLOTTE DOUGLAS AIRPORT, NC US","2022-08-16","0.02","0.0","0.0",,"73","67"
"USW00013881","CHARLOTTE DOUGLAS AIRPORT, NC US","2022-08-17","0.00","0.0","0.0",,"83","67"
"USW00013881","CHARLOTTE DOUGLAS AIRPORT, NC US","2022-08-18","0.00","0.0","0.0",,"87","67"
"USW00013881","CHARLOTTE DOUGLAS AIRPORT, NC US","2022-08-19","0.00","0.0","0.0",,"80","66"
"USW00013881","CHARLOTTE DOUGLAS AIRPORT, NC US","2022-08-20","0.00","0.0","0.0",,"88","71"
"USW00013881","CHARLOTTE DOUGLAS AIRPORT, NC US","2022-08-21","0.18","0.0","0.0",,"85","70"
"USW00013881","CHARLOTTE DOUGLAS AIRPORT, NC US","2022-08-22","0.00","0.0","0.0",,"85","72"
"USW00013881","CHARLOTTE DOUGLAS AIRPORT, NC US","2022-08-23","0.00","0.0","0.0",,"88","68"
"USW00013881","CHARLOTTE DOUGLAS AIRPORT, NC US","2022-08-24","0.00","0.0","0.0",,"86","68"
"USW00013881","CHARLOTTE DOUGLAS AIRPORT, NC US","2022-08-25","0.00","0.0","0.0",,"83","71"
"USW00013881","CHARLOTTE DOUGLAS AIRPORT, NC US","2022-08-26","0.00","0.0","0.0",,"90","69"
"USW00013881","CHARLOTTE DOUGLAS AIRPORT, NC US","2022-08-27","0.00","0.0","0.0",,"94","68"
"USW00013881","CHARLOTTE DOUGLAS AIRPORT, NC US","2022-08-28","0.03","0.0","0.0",,"92","69"
"USW00013881","CHARLOTTE DOUGLAS AIRPORT, NC US","2022-08-29","0.00","0.0","0.0",,"91","69"
"USW00013881","CHARLOTTE DOUGLAS AIRPORT, NC US","2022-08-30","0.26","0.0","0.0",,"91","69"
"USW00013881","CHARLOTTE DOUGLAS AIRPORT, NC US","2022-08-31","0.00","0.0","0.0",,"90","67"
"USW00013881","CHARLOTTE DOUGLAS AIRPORT, NC US","2022-09-01","0.00","0.0","0.0",,"89","64"
"USW00013881","CHARLOTTE DOUGLAS AIRPORT, NC US","2022-09-02","0.00","0.0","0.0",,"91","66"
"USW00013881","CHARLOTTE DOUGLAS AIRPORT, NC US","2022-09-03","0.00","0.0","0.0",,"91","67"
"USW00013881","CHARLOTTE DOUGLAS AIRPORT, NC US","2022-09-04","0.11","0.0","0.0",,"89","73"
"USW00013881","CHARLOTTE DOUGLAS AIRPORT, NC US","2022-09-05","0.65","0.0","0.0",,"81","74"
"USW00013881","CHARLOTTE DOUGLAS AIRPORT, NC US","2022-09-06","0.01","0.0","0.0",,"90","72"
"USW00013881","CHARLOTTE DOUGLAS AIRPORT, NC US","2022-09-07","0.00","0.0","0.0",,"88","69"
"USW00013881","CHARLOTTE DOUGLAS AIRPORT, NC US","2022-09-08","0.00","0.0","0.0",,"84","68"
"USW00013881","CHARLOTTE DOUGLAS AIRPORT, NC US","2022-09-09","0.00","0.0","0.0",,"83","66"
"USW00013881","CHARLOTTE DOUGLAS AIRPORT, NC US","2022-09-10","1.24","0.0","0.0",,"77","67"
"USW00013881","CHARLOTTE DOUGLAS AIRPORT, NC US","2022-09-11","0.03","0.0","0.0",,"86","71"
"USW00013881","CHARLOTTE DOUGLAS AIRPORT, NC US","2022-09-12","0.30","0.0","0.0",,"87","71"
"USW00013881","CHARLOTTE DOUGLAS AIRPORT, NC US","2022-09-13","0.00","0.0","0.0",,"82","61"
"USW00013881","CHARLOTTE DOUGLAS AIRPORT, NC US","2022-09-14","0.00","0.0","0.0",,"81","59"
"USW00013881","CHARLOTTE DOUGLAS AIRPORT, NC US","2022-09-15","0.00","0.0","0.0",,"83","58"
"USW00013881","CHARLOTTE DOUGLAS AIRPORT, NC US","2022-09-16","0.00","0.0","0.0",,"83","60"
"USW00013881","CHARLOTTE DOUGLAS AIRPORT, NC US","2022-09-17","0.00","0.0","0.0",,"83","61"
"USW00013881","CHARLOTTE DOUGLAS AIRPORT, NC US","2022-09-18","0.00","0.0","0.0",,"84","60"
"USW00013881","CHARLOTTE DOUGLAS AIRPORT, NC US","2022-09-19","0.00","0.0","0.0",,"88","62"
"USW00013881","CHARLOTTE DOUGLAS AIRPORT, NC US","2022-09-20","0.00","0.0","0.0",,"89","62"
"USW00013881","CHARLOTTE DOUGLAS AIRPORT, NC US","2022-09-21","0.00","0.0","0.0",,"91","62"
"USW00013881","CHARLOTTE DOUGLAS AIRPORT, NC US","2022-09-22","0.00","0.0","0.0",,"96","61"
"USW00013881","CHARLOTTE DOUGLAS AIRPORT, NC US","2022-09-23","0.00","0.0","0.0",,"75","51"
"USW00013881","CHARLOTTE DOUGLAS AIRPORT, NC US","2022-09-24","0.00","0.0","0.0",,"79","49"
"USW00013881","CHARLOTTE DOUGLAS AIRPORT, NC US","2022-09-25","0.00","0.0","0.0",,"76","58"
"USW00013881","CHARLOTTE DOUGLAS AIRPORT, NC US","2022-09-26","0.00","0.0","0.0",,"82","57"
"USW00013881","CHARLOTTE DOUGLAS AIRPORT, NC US","2022-09-27","0.00","0.0","0.0",,"77","50"
"USW00013881","CHARLOTTE DOUGLAS AIRPORT, NC US","2022-09-28","0.00","0.0","0.0",,"69","46"
"USW00013881","CHARLOTTE DOUGLAS AIRPORT, NC US","2022-09-29","0.00","0.0","0.0",,"71","52"
"USW00013881","CHARLOTTE DOUGLAS AIRPORT, NC US","2022-09-30","2.54","0.0","0.0",,"61","53"
"USW00013881","CHARLOTTE DOUGLAS AIRPORT, NC US","2022-10-01","0.14","0.0","0.0",,"67","53"
"USW00013881","CHARLOTTE DOUGLAS AIRPORT, NC US","2022-10-02","0.00","0.0","0.0",,"69","50"
"USW00013881","CHARLOTTE DOUGLAS AIRPORT, NC US","2022-10-03","0.00","0.0","0.0",,"72","51"
"USW00013881","CHARLOTTE DOUGLAS AIRPORT, NC US","2022-10-04","0.00","0.0","0.0",,"75","44"
"USW00013881","CHARLOTTE DOUGLAS AIRPORT, NC US","2022-10-05","0.00","0.0","0.0",,"77","46"
"USW00013881","CHARLOTTE DOUGLAS AIRPORT, NC US","2022-10-06","0.00","0.0","0.0",,"79","49"
"USW00013881","CHARLOTTE DOUGLAS AIRPORT, NC US","2022-10-07","0.00","0.0","0.0",,"82","51"
"USW00013881","CHARLOTTE DOUGLAS AIRPORT, NC US","2022-10-08","0.00","0.0","0.0",,"72","54"
"USW00013881","CHARLOTTE DOUGLAS AIRPORT, NC US","2022-10-09","0.00","0.0","0.0",,"69","48"
"USW00013881","CHARLOTTE DOUGLAS AIRPORT, NC US","2022-10-10","0.00","0.0","0.0",,"73","48"
"USW00013881","CHARLOTTE DOUGLAS AIRPORT, NC US","2022-10-11","0.00","0.0","0.0",,"75","50"
"USW00013881","CHARLOTTE DOUGLAS AIRPORT, NC US","2022-10-12","0.11","0.0","0.0",,"71","60"
"USW00013881","CHARLOTTE DOUGLAS AIRPORT, NC US","2022-10-13","0.00","0.0","0.0",,"78","58"
"USW00013881","CHARLOTTE DOUGLAS AIRPORT, NC US","2022-10-14","0.00","0.0","0.0",,"72","44"
"USW00013881","CHARLOTTE DOUGLAS AIRPORT, NC US","2022-10-15","0.00","0.0","0.0",,"79","46"
"USW00013881","CHARLOTTE DOUGLAS AIRPORT, NC US","2022-10-16","0.00","0.0","0.0",,"81","53"
"USW00013881","CHARLOTTE DOUGLAS AIRPORT, NC US","2022-10-17","0.00","0.0","0.0",,"80","56"
"USW00013881","CHARLOTTE DOUGLAS AIRPORT, NC US","2022-10-18","0.00","0.0","0.0",,"58","35"
"USW00013881","CHARLOTTE DOUGLAS AIRPORT, NC US","2022-10-19","0.00","0.0","0.0",,"60","30"
"USW00013881","CHARLOTTE DOUGLAS AIRPORT, NC US","2022-10-20","0.00","0.0","0.0",,"64","31"
"USW00013881","CHARLOTTE DOUGLAS AIRPORT, NC US","2022-10-21","0.00","0.0","0.0",,"68","32"
"USW00013881","CHARLOTTE DOUGLAS AIRPORT, NC US","2022-10-22","0.00","0.0","0.0",,"73","36"
"USW00013881","CHARLOTTE DOUGLAS AIRPORT, NC US","2022-10-23","0.00","0.0","0.0",,"74","42"
"USW00013881","CHARLOTTE DOUGLAS AIRPORT, NC US","2022-10-24","0.00","0.0","0.0",,"76","40"
"USW00013881","CHARLOTTE DOUGLAS AIRPORT, NC US","2022-10-25","0.00","0.0","0.0",,"76","43"
"USW00013881","CHARLOTTE DOUGLAS AIRPORT, NC US","2022-10-26","0.13","0.0","0.0",,"73","51"
"USW00013881","CHARLOTTE DOUGLAS AIRPORT, NC US","2022-10-27","0.00","0.0","0.0",,"70","49"
"USW00013881","CHARLOTTE DOUGLAS AIRPORT, NC US","2022-10-28","0.00","0.0","0.0",,"67","47"
"USW00013881","CHARLOTTE DOUGLAS AIRPORT, NC US","2022-10-29","0.00","0.0","0.0",,"66","54"
"USW00013881","CHARLOTTE DOUGLAS AIRPORT, NC US","2022-10-30","0.08","0.0","0.0",,"58","54"
"USW00013881","CHARLOTTE DOUGLAS AIRPORT, NC US","2022-10-31","0.25","0.0","0.0",,"67","55"
"USW00013881","CHARLOTTE DOUGLAS AIRPORT, NC US","2022-11-01","0.00","0.0","0.0",,"76","57"
"USW00013881","CHARLOTTE DOUGLAS AIRPORT, NC US","2022-11-02","0.00","0.0","0.0",,"71","53"
"USW00013881","CHARLOTTE DOUGLAS AIRPORT, NC US","2022-11-03","0.00","0.0","0.0",,"75","50"
"USW00013881","CHARLOTTE DOUGLAS AIRPORT, NC US","2022-11-04","0.00","0.0","0.0",,"78","50"
"USW00013881","CHARLOTTE DOUGLAS AIRPORT, NC US","2022-11-05","0.47","0.0","0.0",,"80","66"
"USW00013881","CHARLOTTE DOUGLAS AIRPORT, NC US","2022-11-06","0.93","0.0","0.0",,"76","67"
"USW00013881","CHARLOTTE DOUGLAS AIRPORT, NC US","2022-11-07","0.00","0.0","0.0",,"82","63"
"USW00013881","CHARLOTTE DOUGLAS AIRPORT, NC US","2022-11-08","0.00","0.0","0.0",,"74","53"
"USW00013881","CHARLOTTE DOUGLAS AIRPORT, NC US","2022-11-09","0.00","0.0","0.0",,"67","45"
"USW00013881","CHARLOTTE DOUGLAS AIRPORT, NC US","2022-11-10","0.22","0.0","0.0",,"64","54"
"USW00013881","CHARLOTTE DOUGLAS AIRPORT, NC US","2022-11-11","0.54","0.0","0.0",,"74","63"
"USW00013881","CHARLOTTE DOUGLAS AIRPORT, NC US","2022-11-12","0.00","0.0","0.0",,"74","60"
"USW00013881","CHARLOTTE DOUGLAS AIRPORT, NC US","2022-11-13","0.00","0.0","0.0",,"60","34"
"USW00013881","CHARLOTTE DOUGLAS AIRPORT, NC US","2022-11-14","0.00","0.0","0.0",,"52","29"
"USW00013881","CHARLOTTE DOUGLAS AIRPORT, NC US","2022-11-15","0.35","0.0","0.0",,"46","42"
"USW00013881","CHARLOTTE DOUGLAS AIRPORT, NC US","2022-11-16","0.00","0.0","0.0",,"58","38"
"USW00013881","CHARLOTTE DOUGLAS AIRPORT, NC US","2022-11-17","0.00","0.0","0.0",,"51","29"
"USW00013881","CHARLOTTE DOUGLAS AIRPORT, NC US","2022-11-18","0.00","0.0","0.0",,"53","25"
"USW00013881","CHARLOTTE DOUGLAS AIRPORT, NC US","2022-11-19","0.00","0.0","0.0",,"56","31"
"USW00013881","CHARLOTTE DOUGLAS AIRPORT, NC US","2022-11-20","0.00","0.0","0.0",,"48","30"
"USW00013881","CHARLOTTE DOUGLAS AIRPORT, NC US","2022-11-21","0.00","0.0","0.0",,"55","23"
"USW00013881","CHARLOTTE DOUGLAS AIRPORT, NC US","2022-11-22","0.00","0.0","0.0",,"62","31"
"USW00013881","CHARLOTTE DOUGLAS AIRPORT, NC US","2022-11-23","0.00","0.0","0.0",,"69","38"
"USW00013881","CHARLOTTE DOUGLAS AIRPORT, NC US","2022-11-24","0.03","0.0","0.0",,"66","36"
"USW00013881","CHARLOTTE DOUGLAS AIRPORT, NC US","2022-11-25","0.59","0.0","0.0",,"68","47"
"USW00013881","CHARLOTTE DOUGLAS AIRPORT, NC US","2022-11-26","0.00","0.0","0.0",,"65","37"
"USW00013881","CHARLOTTE DOUGLAS AIRPORT, NC US","2022-11-27","1.36","0.0","0.0",,"73","49"
"USW00013881","CHARLOTTE DOUGLAS AIRPORT, NC US","2022-11-28","0.00","0.0","0.0",,"66","44"
"USW00013881","CHARLOTTE DOUGLAS AIRPORT, NC US","2022-11-29","0.00","0.0","0.0",,"64","39"
"USW00013881","CHARLOTTE DOUGLAS AIRPORT, NC US","2022-11-30","1.33","0.0","0.0",,"62","42"
"USW00013881","CHARLOTTE DOUGLAS AIRPORT, NC US","2022-12-01","0.00","0.0","0.0",,"55","30"
"USW00013881","CHARLOTTE DOUGLAS AIRPORT, NC US","2022-12-02","0.00","0.0","0.0",,"58","27"
"USW00013881","CHARLOTTE DOUGLAS AIRPORT, NC US","2022-12-03","0.07","0.0","0.0",,"59","49"
"USW00013881","CHARLOTTE DOUGLAS AIRPORT, NC US","2022-12-04","0.00","0.0","0.0",,"53","37"
"USW00013881","CHARLOTTE DOUGLAS AIRPORT, NC US","2022-12-05","0.02","0.0","0.0",,"50","35"
"USW00013881","CHARLOTTE DOUGLAS AIRPORT, NC US","2022-12-06","0.17","0.0","0.0",,"50","43"
"USW00013881","CHARLOTTE DOUGLAS AIRPORT, NC US","2022-12-07","0.06","0.0","0.0",,"63","50"
"USW00013881","CHARLOTTE DOUGLAS AIRPORT, NC US","2022-12-08","0.22","0.0","0.0",,"70","57"
"USW00013881","CHARLOTTE DOUGLAS AIRPORT, NC US","2022-12-09","0.23","0.0","0.0",,"58","49"
"USW00013881","CHARLOTTE DOUGLAS AIRPORT, NC US","2022-12-10","0.00","0.0","0.0",,"52","47"
"USW00013881","CHARLOTTE DOUGLAS AIRPORT, NC US","2022-12-11","0.00","0.0","0.0",,"54","41"
"USW00013881","CHARLOTTE DOUGLAS AIRPORT, NC US","2022-12-12","0.00","0.0","0.0",,"58","40"
"USW00013881","CHARLOTTE DOUGLAS AIRPORT, NC US","2022-12-13","0.00","0.0","0.0",,"49","37"
"USW00013881","CHARLOTTE DOUGLAS AIRPORT, NC US","2022-12-14","0.49","0.0","0.0",,"45","32"
"USW00013881","CHARLOTTE DOUGLAS AIRPORT, NC US","2022-12-15","1.09","0.0","0.0",,"43","40"
"USW00013881","CHARLOTTE DOUGLAS AIRPORT, NC US","2022-12-16","0.00","0.0","0.0",,"53","39"
"USW00013881","CHARLOTTE DOUGLAS AIRPORT, NC US","2022-12-17","0.00","0.0","0.0",,"52","35"
"USW00013881","CHARLOTTE DOUGLAS AIRPORT, NC US","2022-12-18","0.00","0.0","0.0",,"50","25"
"USW00013881","CHARLOTTE DOUGLAS AIRPORT, NC US","2022-12-19","0.00","0.0","0.0",,"49","24"
"USW00013881","CHARLOTTE DOUGLAS AIRPORT, NC US","2022-12-20","0.00","0.0","0.0",,"43","30"
"USW00013881","CHARLOTTE DOUGLAS AIRPORT, NC US","2022-12-21","0.13","0.0","0.0",,"47","36"
"USW00013881","CHARLOTTE DOUGLAS AIRPORT, NC US","2022-12-22","1.71","0.0","0.0",,"45","37"
"USW00013881","CHARLOTTE DOUGLAS AIRPORT, NC US","2022-12-23","0.01","0.0","0.0",,"49","14"
"USW00013881","CHARLOTTE DOUGLAS AIRPORT, NC US","2022-12-24","0.00","0.0","0.0",,"29","9"
"USW00013881","CHARLOTTE DOUGLAS AIRPORT, NC US","2022-12-25","0.00","0.0","0.0",,"39","13"
"USW00013881","CHARLOTTE DOUGLAS AIRPORT, NC US","2022-12-26","0.00","0.0","0.0",,"40","14"
"USW00013881","CHARLOTTE DOUGLAS AIRPORT, NC US","2022-12-27","0.00","0.0","0.0",,"49","28"
"USW00013881","CHARLOTTE DOUGLAS AIRPORT, NC US","2022-12-28","0.00","0.0","0.0",,"55","23"
"USW00013881","CHARLOTTE DOUGLAS AIRPORT, NC US","2022-12-29","0.00","0.0","0.0",,"64","27"
"USW00013881","CHARLOTTE DOUGLAS AIRPORT, NC US","2022-12-30","0.00","0.0","0.0",,"59","34"
"USW00013881","CHARLOTTE DOUGLAS AIRPORT, NC US","2022-12-31","0.36","0.0","0.0",,"59","52"
"USW00013881","CHARLOTTE DOUGLAS AIRPORT, NC US","2023-01-01","0.00","0.0","0.0",,"58","49"
"USW00013881","CHARLOTTE DOUGLAS AIRPORT, NC US","2023-01-02","0.00","0.0","0.0",,"69","52"
"USW00013881","CHARLOTTE DOUGLAS AIRPORT, NC US","2023-01-03","0.56","0.0","0.0",,"72","51"
"USW00013881","CHARLOTTE DOUGLAS AIRPORT, NC US","2023-01-04","1.37","0.0","0.0",,"64","57"
"USW00013881","CHARLOTTE DOUGLAS AIRPORT, NC US","2023-01-05","0.00","0.0","0.0",,"66","42"
"USW00013881","CHARLOTTE DOUGLAS AIRPORT, NC US","2023-01-06","0.00","0.0","0.0",,"58","33"
"USW00013881","CHARLOTTE DOUGLAS AIRPORT, NC US","2023-01-07","0.00","0.0","0.0",,"57","36"
"USW00013881","CHARLOTTE DOUGLAS AIRPORT, NC US","2023-01-08","0.26","0.0","0.0",,"51","40"
"USW00013881","CHARLOTTE DOUGLAS AIRPORT, NC US","2023-01-09","0.00","0.0","0.0",,"57","34"
"USW00013881","CHARLOTTE DOUGLAS AIRPORT, NC US","2023-01-10","0.00","0.0","0.0",,"58","31"
"USW00013881","CHARLOTTE DOUGLAS AIRPORT, NC US","2023-01-11","0.00","0.0","0.0",,"62","35"
"USW00013881","CHARLOTTE DOUGLAS AIRPORT, NC US","2023-01-12","0.68","0.0","0.0",,"69","51"
"USW00013881","CHARLOTTE DOUGLAS AIRPORT, NC US","2023-01-13","0.00","0.0","0.0",,"55","40"
"USW00013881","CHARLOTTE DOUGLAS AIRPORT, NC US","2023-01-14","0.00","0.0","0.0",,"48","31"
"USW00013881","CHARLOTTE DOUGLAS AIRPORT, NC US","2023-01-15","0.00","0.0","0.0",,"57","24"
"USW00013881","CHARLOTTE DOUGLAS AIRPORT, NC US","2023-01-16","0.00","0.0","0.0",,"57","26"
"USW00013881","CHARLOTTE DOUGLAS AIRPORT, NC US","2023-01-17","0.20","0.0","0.0",,"53","47"
"USW00013881","CHARLOTTE DOUGLAS AIRPORT, NC US","2023-01-18","0.00","0.0","0.0",,"61","50"
"USW00013881","CHARLOTTE DOUGLAS AIRPORT, NC US","2023-01-19","0.00","0.0","0.0",,"69","55"
"USW00013881","CHARLOTTE DOUGLAS AIRPORT, NC US","2023-01-20","0.00","0.0","0.0",,"64","44"
"USW00013881","CHARLOTTE DOUGLAS AIRPORT, NC US","2023-01-21","0.00","0.0","0.0",,"51","35"
"USW00013881","CHARLOTTE DOUGLAS AIRPORT, NC US","2023-01-22","1.11","0.0","0.0",,"44","38"
"USW00013881","CHARLOTTE DOUGLAS AIRPORT, NC US","2023-01-23","0.00","0.0","0.0",,"53","29"
"USW00013881","CHARLOTTE DOUGLAS AIRPORT, NC US","2023-01-24","0.00","0.0","0.0",,"55","27"
"USW00013881","CHARLOTTE DOUGLAS AIRPORT, NC US","2023-01-25","1.12","0.0","0.0",,"52","39"
"USW00013881","CHARLOTTE DOUGLAS AIRPORT, NC US","2023-01-26","0.00","0.0","0.0",,"53","35"
"USW00013881","CHARLOTTE DOUGLAS AIRPORT, NC US","2023-01-27","0.00","0.0","0.0",,"50","26"
"USW00013881","CHARLOTTE DOUGLAS AIRPORT, NC US","2023-01-28","0.00","0.0","0.0",,"59","27"
"USW00013881","CHARLOTTE DOUGLAS AIRPORT, NC US","2023-01-29","0.19","0.0","0.0",,"58","35"
"USW00013881","CHARLOTTE DOUGLAS AIRPORT, NC US","2023-01-30","0.18","0.0","0.0",,"69","45"
"USW00013881","CHARLOTTE DOUGLAS AIRPORT, NC US","2023-01-31","0.00","0.0","0.0",,"59","50"
"USW00013881","CHARLOTTE DOUGLAS AIRPORT, NC US","2023-02-01","0.11","0.0","0.0",,"59","43"
"USW00013881","CHARLOTTE DOUGLAS AIRPORT, NC US","2023-02-02","0.73","0.0","0.0",,"46","42"
"USW00013881","CHARLOTTE DOUGLAS AIRPORT, NC US","2023-02-03","0.01","0.0","0.0",,"52","33"
"USW00013881","CHARLOTTE DOUGLAS AIRPORT, NC US","2023-02-04","0.00","0.0","0.0",,"44","27"
"USW00013881","CHARLOTTE DOUGLAS AIRPORT, NC US","2023-02-05","0.00","0.0","0.0",,"59","31"
"USW00013881","CHARLOTTE DOUGLAS AIRPORT, NC US","2023-02-06","0.00","0.0","0.0",,"65","34"
"USW00013881","CHARLOTTE DOUGLAS AIRPORT, NC US","2023-02-07","0.00","0.0","0.0",,"66","33"
"USW00013881","CHARLOTTE DOUGLAS AIRPORT, NC US","2023-02-08","0.00","0.0","0.0",,"72","40"
"USW00013881","CHARLOTTE DOUGLAS AIRPORT, NC US","2023-02-09","0.00","0.0","0.0",,"73","52"
"USW00013881","CHARLOTTE DOUGLAS AIRPORT, NC US","2023-02-10","0.13","0.0","0.0",,"70","53"
"USW00013881","CHARLOTTE DOUGLAS AIRPORT, NC US","2023-02-11","0.42","0.0","0.0",,"57","43"
"USW00013881","CHARLOTTE DOUGLAS AIRPORT, NC US","2023-02-12","1.34","0.0","0.0",,"44","38"
"USW00013881","CHARLOTTE DOUGLAS AIRPORT, NC US","2023-02-13","0.00","0.0","0.0",,"66","32"
"USW00013881","CHARLOTTE DOUGLAS AIRPORT, NC US","2023-02-14","0.00","0.0","0.0",,"69","36"
"USW00013881","CHARLOTTE DOUGLAS AIRPORT, NC US","2023-02-15","0.00","0.0","0.0",,"70","44"
"USW00013881","CHARLOTTE DOUGLAS AIRPORT, NC US","2023-02-16","0.00","0.0","0.0",,"74","48"
"USW00013881","CHARLOTTE DOUGLAS AIRPORT, NC US","2023-02-17","0.29","0.0","0.0",,"71","36"
"USW00013881","CHARLOTTE DOUGLAS AIRPORT, NC US","2023-02-18","0.00","0.0","0.0",,"56","27"
"USW00013881","CHARLOTTE DOUGLAS AIRPORT, NC US","2023-02-19","0.00","0.0","0.0",,"57","37"
"USW00013881","CHARLOTTE DOUGLAS AIRPORT, NC US","2023-02-20","0.00","0.0","0.0",,"70","44"
"USW00013881","CHARLOTTE DOUGLAS AIRPORT, NC US","2023-02-21","0.01","0.0","0.0",,"76","55"
"USW00013881","CHARLOTTE DOUGLAS AIRPORT, NC US","2023-02-22","0.00","0.0","0.0",,"77","55"
"USW00013881","CHARLOTTE DOUGLAS AIRPORT, NC US","2023-02-23","0.00","0.0","0.0",,"80","66"
"USW00013881","CHARLOTTE DOUGLAS AIRPORT, NC US","2023-02-24","0.00","0.0","0.0",,"76","55"
"USW00013881","CHARLOTTE DOUGLAS AIRPORT, NC US","2023-02-25","0.05","0.0","0.0",,"57","48"
"USW00013881","CHARLOTTE DOUGLAS AIRPORT, NC US","2023-02-26","0.00","0.0","0.0",,"56","50"
"USW00013881","CHARLOTTE DOUGLAS AIRPORT, NC US","2023-02-27","0.04","0.0","0.0",,"70","51"
"USW00013881","CHARLOTTE DOUGLAS AIRPORT, NC US","2023-02-28","0.00","0.0","0.0",,"79","55"
"USW00013881","CHARLOTTE DOUGLAS AIRPORT, NC US","2023-03-01","0.00","0.0","0.0",,"71","48"
"USW00013881","CHARLOTTE DOUGLAS AIRPORT, NC US","2023-03-02","0.13","0.0","0.0",,"67","59"
"USW00013881","CHARLOTTE DOUGLAS AIRPORT, NC US","2023-03-03","0.32","0.0","0.0",,"76","58"
"USW00013881","CHARLOTTE DOUGLAS AIRPORT, NC US","2023-03-04","0.00","0.0","0.0",,"69","52"
"USW00013881","CHARLOTTE DOUGLAS AIRPORT, NC US","2023-03-05","0.00","0.0","0.0",,"68","42"
"USW00013881","CHARLOTTE DOUGLAS AIRPORT, NC US","2023-03-06","0.00","0.0","0.0",,"73","42"
"USW00013881","CHARLOTTE DOUGLAS AIRPORT, NC US","2023-03-07","0.00","0.0","0.0",,"78","48"
"USW00013881","CHARLOTTE DOUGLAS AIRPORT, NC US","2023-03-08","0.00","0.0","0.0",,"65","41"
"USW00013881","CHARLOTTE DOUGLAS AIRPORT, NC US","2023-03-09","0.00","0.0","0.0",,"64","40"
"USW00013881","CHARLOTTE DOUGLAS AIRPORT, NC US","2023-03-10","0.18","0.0","0.0",,"58","46"
"USW00013881","CHARLOTTE DOUGLAS AIRPORT, NC US","2023-03-11","0.00","0.0","0.0",,"59","39"
"USW00013881","CHARLOTTE DOUGLAS AIRPORT, NC US","2023-03-12","0.46","0.0","0.0",,"47","37"
"USW00013881","CHARLOTTE DOUGLAS AIRPORT, NC US","2023-03-13","0.00","0.0","0.0",,"58","39"
"USW00013881","CHARLOTTE DOUGLAS AIRPORT, NC US","2023-03-14","0.00","0.0","0.0",,"50","30"
"USW00013881","CHARLOTTE DOUGLAS AIRPORT, NC US","2023-03-15","0.00","0.0","0.0",,"58","26"
"USW00013881","CHARLOTTE DOUGLAS AIRPORT, NC US","2023-03-16","0.00","0.0","0.0",,"68","30"
"USW00013881","CHARLOTTE DOUGLAS AIRPORT, NC US","2023-03-17","0.32","0.0","0.0",,"62","51"
"USW00013881","CHARLOTTE DOUGLAS AIRPORT, NC US","2023-03-18","0.06","0.0","0.0",,"59","43"
"USW00013881","CHARLOTTE DOUGLAS AIRPORT, NC US","2023-03-19","0.00","0.0","0.0",,"51","35"
"USW00013881","CHARLOTTE DOUGLAS AIRPORT, NC US","2023-03-20","0.00","0.0","0.0",,"54","30"
"USW00013881","CHARLOTTE DOUGLAS AIRPORT, NC US","2023-03-21","0.00","0.0","0.0",,"64","27"
"USW00013881","CHARLOTTE DOUGLAS AIRPORT, NC US","2023-03-22","0.08","0.0","0.0",,"54","46"
"USW00013881","CHARLOTTE DOUGLAS AIRPORT, NC US","2023-03-23","0.00","0.0","0.0",,"78","52"
"USW00013881","CHARLOTTE DOUGLAS AIRPORT, NC US","2023-03-24","0.00","0.0","0.0",,"84","60"
"USW00013881","CHARLOTTE DOUGLAS AIRPORT, NC US","2023-03-25","0.10","0.0","0.0",,"78","63"
"USW00013881","CHARLOTTE DOUGLAS AIRPORT, NC US","2023-03-26","0.15","0.0","0.0",,"69","58"
"USW00013881","CHARLOTTE DOUGLAS AIRPORT, NC US","2023-03-27","0.46","0.0","0.0",,"79","61"
"USW00013881","CHARLOTTE DOUGLAS AIRPORT, NC US","2023-03-28","0.06","0.0","0.0",,"73","50"
"USW00013881","CHARLOTTE DOUGLAS AIRPORT, NC US","2023-03-29","0.00","0.0","0.0",,"62","43"
"USW00013881","CHARLOTTE DOUGLAS AIRPORT, NC US","2023-03-30","0.00","0.0","0.0",,"70","40"
"USW00013881","CHARLOTTE DOUGLAS AIRPORT, NC US","2023-03-31","0.00","0.0","0.0",,"69","52"
"USW00013881","CHARLOTTE DOUGLAS AIRPORT, NC US","2023-04-01","0.13","0.0","0.0",,"79","63"
"USW00013881","CHARLOTTE DOUGLAS AIRPORT, NC US","2023-04-02","0.00","0.0","0.0",,"69","45"
"USW00013881","CHARLOTTE DOUGLAS AIRPORT, NC US","2023-04-03","0.02","0.0","0.0",,"66","48"
"USW00013881","CHARLOTTE DOUGLAS AIRPORT, NC US","2023-04-04","0.00","0.0","0.0",,"81","55"
"USW00013881","CHARLOTTE DOUGLAS AIRPORT, NC US","2023-04-05","0.00","0.0","0.0",,"86","60"
"USW00013881","CHARLOTTE DOUGLAS AIRPORT, NC US","2023-04-06","0.06","0.0","0.0",,"84","67"
"USW00013881","CHARLOTTE DOUGLAS AIRPORT, NC US","2023-04-07","1.05","0.0","0.0",,"70","45"
"USW00013881","CHARLOTTE DOUGLAS AIRPORT, NC US","2023-04-08","1.35","0.0","0.0",,"46","41"
"USW00013881","CHARLOTTE DOUGLAS AIRPORT, NC US","2023-04-09","0.00","0.0","0.0",,"63","41"
"USW00013881","CHARLOTTE DOUGLAS AIRPORT, NC US","2023-04-10","0.00","0.0","0.0",,"65","37"
"USW00013881","CHARLOTTE DOUGLAS AIRPORT, NC US","2023-04-11","0.00","0.0","0.0",,"73","37"
"USW00013881","CHARLOTTE DOUGLAS AIRPORT, NC US","2023-04-12","0.00","0.0","0.0",,"80","44"
"USW00013881","CHARLOTTE DOUGLAS AIRPORT, NC US","2023-04-13","0.06","0.0","0.0",,"80","50"
"USW00013881","CHARLOTTE DOUGLAS AIRPORT, NC US","2023-04-14","0.33","0.0","0.0",,"77","62"
"USW00013881","CHARLOTTE DOUGLAS AIRPORT, NC US","2023-04-15","0.00","0.0","0.0",,"79","59"
"USW00013881","CHARLOTTE DOUGLAS AIRPORT, NC US","2023-04-16","0.01","0.0","0.0",,"77","59"
"USW00013881","CHARLOTTE DOUGLAS AIRPORT, NC US","2023-04-17","0.00","0.0","0.0",,"71","49"
"USW00013881","CHARLOTTE DOUGLAS AIRPORT, NC US","2023-04-18","0.00","0.0","0.0",,"79","45"
"USW00013881","CHARLOTTE DOUGLAS AIRPORT, NC US","2023-04-19","0.00","0.0","0.0",,"85","50"
"USW00013881","CHARLOTTE DOUGLAS AIRPORT, NC US","2023-04-20","0.00","0.0","0.0",,"85","58"
"USW00013881","CHARLOTTE DOUGLAS AIRPORT, NC US","2023-04-21","0.00","0.0","0.0",,"82","56"
"USW00013881","CHARLOTTE DOUGLAS AIRPORT, NC US","2023-04-22","0.33","0.0","0.0",,"74","52"
"USW00013881","CHARLOTTE DOUGLAS AIRPORT, NC US","2023-04-23","0.00","0.0","0.0",,"73","44"
"USW00013881","CHARLOTTE DOUGLAS AIRPORT, NC US","2023-04-24","0.00","0.0","0.0",,"67","49"
"USW00013881","CHARLOTTE DOUGLAS AIRPORT, NC US","2023-04-25","0.00","0.0","0.0",,"68","47"
"USW00013881","CHARLOTTE DOUGLAS AIRPORT, NC US","2023-04-26","0.26","0.0","0.0",,"59","55"
"USW00013881","CHARLOTTE DOUGLAS AIRPORT, NC US","2023-04-27","1.95","0.0","0.0",,"62","55"
"USW00013881","CHARLOTTE DOUGLAS AIRPORT, NC US","2023-04-28","0.76","0.0","0.0",,"77","61"
"USW00013881","CHARLOTTE DOUGLAS AIRPORT, NC US","2023-04-29","0.04","0.0","0.0",,"72","60"
"USW00013881","CHARLOTTE DOUGLAS AIRPORT, NC US","2023-04-30","0.17","0.0","0.0",,"72","50"
"USW00013881","CHARLOTTE DOUGLAS AIRPORT, NC US","2023-05-01","0.00","0.0","0.0",,"68","47"
"USW00013881","CHARLOTTE DOUGLAS AIRPORT, NC US","2023-05-02","0.00","0.0","0.0",,"70","50"
"USW00013881","CHARLOTTE DOUGLAS AIRPORT, NC US","2023-05-03","0.00","0.0","0.0",,"70","48"
"USW00013881","CHARLOTTE DOUGLAS AIRPORT, NC US","2023-05-04","0.00","0.0","0.0",,"73","44"
"USW00013881","CHARLOTTE DOUGLAS AIRPORT, NC US","2023-05-05","0.00","0.0","0.0",,"75","53"
"USW00013881","CHARLOTTE DOUGLAS AIRPORT, NC US","2023-05-06","0.00","0.0","0.0",,"79","53"
"USW00013881","CHARLOTTE DOUGLAS AIRPORT, NC US","2023-05-07","0.00","0.0","0.0",,"80","59"
"USW00013881","CHARLOTTE DOUGLAS AIRPORT, NC US","2023-05-08","0.02","0.0","0.0",,"83","59"
"USW00013881","CHARLOTTE DOUGLAS AIRPORT, NC US","2023-05-09","0.00","0.0","0.0",,"89","62"
"USW00013881","CHARLOTTE DOUGLAS AIRPORT, NC US","2023-05-10","0.00","0.0","0.0",,"79","61"
"USW00013881","CHARLOTTE DOUGLAS AIRPORT, NC US","2023-05-11","0.00","0.0","0.0",,"82","56"
"USW00013881","CHARLOTTE DOUGLAS AIRPORT, NC US","2023-05-12","0.00","0.0","0.0",,"83","64"
"USW00013881","CHARLOTTE DOUGLAS AIRPORT, NC US","2023-05-13","0.14","0.0","0.0",,"84","69"
"USW00013881","CHARLOTTE DOUGLAS AIRPORT, NC US","2023-05-14","0.00","0.0","0.0",,"79","67"
"USW00013881","CHARLOTTE DOUGLAS AIRPORT, NC US","2023-05-15","0.00","0.0","0.0",,"81","66"
"USW00013881","CHARLOTTE DOUGLAS AIRPORT, NC US","2023-05-16","0.36","0.0","0.0",,"84","65"
"USW00013881","CHARLOTTE DOUGLAS AIRPORT, NC US","2023-05-17","0.00","0.0","0.0",,"82","65"
"USW00013881","CHARLOTTE DOUGLAS AIRPORT, NC US","2023-05-18","0.06","0.0","0.0",,"72","61"
"USW00013881","CHARLOTTE DOUGLAS AIRPORT, NC US","2023-05-19","0.01","0.0","0.0",,"70","59"
"USW00013881","CHARLOTTE DOUGLAS AIRPORT, NC US","2023-05-20","0.00","0.0","0.0",,"75","63"
"USW00013881","CHARLOTTE DOUGLAS AIRPORT, NC US","2023-05-21","0.00","0.0","0.0",,"81","64"
"USW00013881","CHARLOTTE DOUGLAS AIRPORT, NC US","2023-05-22","0.00","0.0","0.0",,"81","57"
"USW00013881","CHARLOTTE DOUGLAS AIRPORT, NC US","2023-05-23","0.00","0.0","0.0",,"77","61"
"USW00013881","CHARLOTTE DOUGLAS AIRPORT, NC US","2023-05-24","0.00","0.0","0.0",,"79","56"
"USW00013881","CHARLOTTE DOUGLAS AIRPORT, NC US","2023-05-25","0.00","0.0","0.0",,"79","55"
"USW00013881","CHARLOTTE DOUGLAS AIRPORT, NC US","2023-05-26","0.00","0.0","0.0",,"72","57"
"USW00013881","CHARLOTTE DOUGLAS AIRPORT, NC US","2023-05-27","0.73","0.0","0.0",,"64","56"
"USW00013881","CHARLOTTE DOUGLAS AIRPORT, NC US","2023-05-28","1.44","0.0","0.0",,"60","53"
"USW00013881","CHARLOTTE DOUGLAS AIRPORT, NC US","2023-05-29","0.02","0.0","0.0",,"73","60"
"USW00013881","CHARLOTTE DOUGLAS AIRPORT, NC US","2023-05-30","0.00","0.0","0.0",,"78","63"
"USW00013881","CHARLOTTE DOUGLAS AIRPORT, NC US","2023-05-31","0.00","0.0","0.0",,"77","63"
"USW00013881","CHARLOTTE DOUGLAS AIRPORT, NC US","2023-06-01","0.00","0.0","0.0",,"84","61"
"USW00013881","CHARLOTTE DOUGLAS AIRPORT, NC US","2023-06-02","0.00","0.0","0.0",,"86","64"
"USW00013881","CHARLOTTE DOUGLAS AIRPORT, NC US","2023-06-03","0.79","0.0","0.0",,"91","60"
"USW00013881","CHARLOTTE DOUGLAS AIRPORT, NC US","2023-06-04","0.00","0.0","0.0",,"70","63"
"USW00013881","CHARLOTTE DOUGLAS AIRPORT, NC US","2023-06-05","0.00","0.0","0.0",,"76","62"
"USW00013881","CHARLOTTE DOUGLAS AIRPORT, NC US","2023-06-06","0.00","0.0","0.0",,"85","65"
"USW00013881","CHARLOTTE DOUGLAS AIRPORT, NC US","2023-06-07","0.04","0.0","0.0",,"82","59"
"USW00013881","CHARLOTTE DOUGLAS AIRPORT, NC US","2023-06-08","0.00","0.0","0.0",,"79","62"
"USW00013881","CHARLOTTE DOUGLAS AIRPORT, NC US","2023-06-09","0.00","0.0","0.0",,"80","54"
"USW00013881","CHARLOTTE DOUGLAS AIRPORT, NC US","2023-06-10","0.00","0.0","0.0",,"85","56"
"USW00013881","CHARLOTTE DOUGLAS AIRPORT, NC US","2023-06-11","0.30","0.0","0.0",,"85","61"
"USW00013881","CHARLOTTE DOUGLAS AIRPORT, NC US","2023-06-12","0.66","0.0","0.0",,"83","64"
"USW00013881","CHARLOTTE DOUGLAS AIRPORT, NC US","2023-06-13","0.00","0.0","0.0",,"81","61"
"USW00013881","CHARLOTTE DOUGLAS AIRPORT, NC US","2023-06-14","0.00","0.0","0.0",,"82","58"
"USW00013881","CHARLOTTE DOUGLAS AIRPORT, NC US","2023-06-15","0.00","0.0","0.0",,"86","67"
"USW00013881","CHARLOTTE DOUGLAS AIRPORT, NC US","2023-06-16","0.00","0.0","0.0",,"90","67"
"USW00013881","CHARLOTTE DOUGLAS AIRPORT, NC US","2023-06-17","0.00","0.0","0.0",,"85","61"
"USW00013881","CHARLOTTE DOUGLAS AIRPORT, NC US","2023-06-18","0.00","0.0","0.0",,"89","65"
"USW00013881","CHARLOTTE DOUGLAS AIRPORT, NC US","2023-06-19","1.09","0.0","0.0",,"80","70"
"USW00013881","CHARLOTTE DOUGLAS AIRPORT, NC US","2023-06-20","0.12","0.0","0.0",,"78","71"
"USW00013881","CHARLOTTE DOUGLAS AIRPORT, NC US","2023-06-21","0.51","0.0","0.0",,"71","64"
"USW00013881","CHARLOTTE DOUGLAS AIRPORT, NC US","2023-06-22","0.12","0.0","0.0",,"73","64"
"USW00013881","CHARLOTTE DOUGLAS AIRPORT, NC US","2023-06-23","0.00","0.0","0.0",,"84","67"
"USW00013881","CHARLOTTE DOUGLAS AIRPORT, NC US","2023-06-24","0.00","0.0","0.0",,"86","68"
"USW00013881","CHARLOTTE DOUGLAS AIRPORT, NC US","2023-06-25","0.00","0.0","0.0",,"90","67"
"USW00013881","CHARLOTTE DOUGLAS AIRPORT, NC US","2023-06-26","0.00","0.0","0.0",,"90","68"
"USW00013881","CHARLOTTE DOUGLAS AIRPORT, NC US","2023-06-27","0.00","0.0","0.0",,"90","69"
"USW00013881","CHARLOTTE DOUGLAS AIRPORT, NC US","2023-06-28","0.00","0.0","0.0",,"89","66"
"USW00013881","CHARLOTTE DOUGLAS AIRPORT, NC US","2023-06-29","0.00","0.0","0.0",,"89","70"
"USW00013881","CHARLOTTE DOUGLAS AIRPORT, NC US","2023-06-30","0.00","0.0","0.0",,"91","73"
"USW00013881","CHARLOTTE DOUGLAS AIRPORT, NC US","2023-07-01","0.00","0.0","0.0",,"93","73"
"USW00013881","CHARLOTTE DOUGLAS AIRPORT, NC US","2023-07-02","0.00","0.0","0.0",,"94","74"
"USW00013881","CHARLOTTE DOUGLAS AIRPORT, NC US","2023-07-03","0.00","0.0","0.0",,"92","75"
"USW00013881","CHARLOTTE DOUGLAS AIRPORT, NC US","2023-07-04","0.00","0.0","0.0",,"93","74"
"USW00013881","CHARLOTTE DOUGLAS AIRPORT, NC US","2023-07-05","0.35","0.0","0.0",,"92","73"
"USW00013881","CHARLOTTE DOUGLAS AIRPORT, NC US","2023-07-06","0.01","0.0","0.0",,"92","73"
"USW00013881","CHARLOTTE DOUGLAS AIRPORT, NC US","2023-07-07","0.00","0.0","0.0",,"95","73"
"USW00013881","CHARLOTTE DOUGLAS AIRPORT, NC US","2023-07-08","0.06","0.0","0.0",,"92","73"
"USW00013881","CHARLOTTE DOUGLAS AIRPORT, NC US","2023-07-09","0.05","0.0","0.0",,"89","73"
"USW00013881","CHARLOTTE DOUGLAS AIRPORT, NC US","2023-07-10","0.00","0.0","0.0",,"86","73"
"USW00013881","CHARLOTTE DOUGLAS AIRPORT, NC US","2023-07-11","0.00","0.0","0.0",,"91","69"
"USW00013881","CHARLOTTE DOUGLAS AIRPORT, NC US","2023-07-12","0.00","0.0","0.0",,"93","68"
"USW00013881","CHARLOTTE DOUGLAS AIRPORT, NC US","2023-07-13","0.28","0.0","0.0",,"95","71"
"USW00013881","CHARLOTTE DOUGLAS AIRPORT, NC US","2023-07-14","0.14","0.0","0.0",,"93","71"
"USW00013881","CHARLOTTE DOUGLAS AIRPORT, NC US","2023-07-15","0.28","0.0","0.0",,"90","73"
"USW00013881","CHARLOTTE DOUGLAS AIRPORT, NC US","2023-07-16","0.00","0.0","0.0",,"93","74"
"USW00013881","CHARLOTTE DOUGLAS AIRPORT, NC US","2023-07-17","0.00","0.0","0.0",,"89","71"
"USW00013881","CHARLOTTE DOUGLAS AIRPORT, NC US","2023-07-18","0.00","0.0","0.0",,"94","68"
"USW00013881","CHARLOTTE DOUGLAS AIRPORT, NC US","2023-07-19","0.46","0.0","0.0",,"90","72"
"USW00013881","CHARLOTTE DOUGLAS AIRPORT, NC US","2023-07-20","0.00","0.0","0.0",,"88","70"
"USW00013881","CHARLOTTE DOUGLAS AIRPORT, NC US","2023-07-21","0.00","0.0","0.0",,"94","70"
"USW00013881","CHARLOTTE DOUGLAS AIRPORT, NC US","2023-07-22","0.00","0.0","0.0",,"88","72"
"USW00013881","CHARLOTTE DOUGLAS AIRPORT, NC US","2023-07-23","2.44","0.0","0.0",,"84","70"
"USW00013881","CHARLOTTE DOUGLAS AIRPORT, NC US","2023-07-24","0.01","0.0","0.0",,"89","69"
"USW00013881","CHARLOTTE DOUGLAS AIRPORT, NC US","2023-07-25","0.00","0.0","0.0",,"92","70"
"USW00013881","CHARLOTTE DOUGLAS AIRPORT, NC US","2023-07-26","0.00","0.0","0.0",,"95","72"
"USW00013881","CHARLOTTE DOUGLAS AIRPORT, NC US","2023-07-27","0.00","0.0","0.0",,"95","74"
"USW00013881","CHARLOTTE DOUGLAS AIRPORT, NC US","2023-07-28","1.01","0.0","0.0",,"94","76"
"USW00013881","CHARLOTTE DOUGLAS AIRPORT, NC US","2023-07-29","0.00","0.0","0.0",,"89","72"
"USW00013881","CHARLOTTE DOUGLAS AIRPORT, NC US","2023-07-30","0.00","0.0","0.0",,"88","70"
"USW00013881","CHARLOTTE DOUGLAS AIRPORT, NC US","2023-07-31","0.00","0.0","0.0",,"91","70"
"USW00013881","CHARLOTTE DOUGLAS AIRPORT, NC US","2023-08-01","0.00","0.0","0.0",,"88","69"
"USW00013881","CHARLOTTE DOUGLAS AIRPORT, NC US","2023-08-02","0.02","0.0","0.0",,"87","69"
"USW00013881","CHARLOTTE DOUGLAS AIRPORT, NC US","2023-08-03","0.53","0.0","0.0",,"75","70"
"USW00013881","CHARLOTTE DOUGLAS AIRPORT, NC US","2023-08-04","0.01","0.0","0.0",,"87","70"
"USW00013881","CHARLOTTE DOUGLAS AIRPORT, NC US","2023-08-05","0.00","0.0","0.0",,"93","70"
"USW00013881","CHARLOTTE DOUGLAS AIRPORT, NC US","2023-08-06","0.51","0.0","0.0",,"94","71"
"USW00013881","CHARLOTTE DOUGLAS AIRPORT, NC US","2023-08-07","0.46","0.0","0.0",,"92","71"
"USW00013881","CHARLOTTE DOUGLAS AIRPORT, NC US","2023-08-08","0.00","0.0","0.0",,"87","70"
"USW00013881","CHARLOTTE DOUGLAS AIRPORT, NC US","2023-08-09","0.00","0.0","0.0",,"88","68"
"USW00013881","CHARLOTTE DOUGLAS AIRPORT, NC US","2023-08-10","0.73","0.0","0.0",,"86","71"
"USW00013881","CHARLOTTE DOUGLAS AIRPORT, NC US","2023-08-11","0.00","0.0","0.0",,"87","69"
"USW00013881","CHARLOTTE DOUGLAS AIRPORT, NC US","2023-08-12","0.00","0.0","0.0",,"93","72"
"USW00013881","CHARLOTTE DOUGLAS AIRPORT, NC US","2023-08-13","0.00","0.0","0.0",,"93","70"
"USW00013881","CHARLOTTE DOUGLAS AIRPORT, NC US","2023-08-14","0.00","0.0","0.0",,"96","75"
"USW00013881","CHARLOTTE DOUGLAS AIRPORT, NC US","2023-08-15","0.18","0.0","0.0",,"95","76"
"USW00013881","CHARLOTTE DOUGLAS AIRPORT, NC US","2023-08-16","0.00","0.0","0.0",,"89","68"
"USW00013881","CHARLOTTE DOUGLAS AIRPORT, NC US","2023-08-17","0.00","0.0","0.0",,"90","70"
"USW00013881","CHARLOTTE DOUGLAS AIRPORT, NC US","2023-08-18","0.00","0.0","0.0",,"90","69"
"USW00013881","CHARLOTTE DOUGLAS AIRPORT, NC US","2023-08-19","0.00","0.0","0.0",,"88","66"
"USW00013881","CHARLOTTE DOUGLAS AIRPORT, NC US","2023-08-20","0.00","0.0","0.0",,"92","66"
"USW00013881","CHARLOTTE DOUGLAS AIRPORT, NC US","2023-08-21","0.00","0.0","0.0",,"94","71"
"USW00013881","CHARLOTTE DOUGLAS AIRPORT, NC US","2023-08-22","0.00","0.0","0.0",,"94","74"
"USW00013881","CHARLOTTE DOUGLAS AIRPORT, NC US","2023-08-23","0.00","0.0","0.0",,"89","71"
"USW00013881","CHARLOTTE DOUGLAS AIRPORT, NC US","2023-08-24","0.11","0.0","0.0",,"95","69"
"USW00013881","CHARLOTTE DOUGLAS AIRPORT, NC US","2023-08-25","0.00","0.0","0.0",,"95","71"
"USW00013881","CHARLOTTE DOUGLAS AIRPORT, NC US","2023-08-26","0.60","0.0","0.0",,"97","72"
"USW00013881","CHARLOTTE DOUGLAS AIRPORT, NC US","2023-08-27","0.43","0.0","0.0",,"94","72"
"USW00013881","CHARLOTTE DOUGLAS AIRPORT, NC US","2023-08-28","1.30","0.0","0.0",,"86","73"
"USW00013881","CHARLOTTE DOUGLAS AIRPORT, NC US","2023-08-29","1.18","0.0","0.0",,"89","71"
"USW00013881","CHARLOTTE DOUGLAS AIRPORT, NC US","2023-08-30","0.31","0.0","0.0",,"80","72"
"USW00013881","CHARLOTTE DOUGLAS AIRPORT, NC US","2023-08-31","0.00","0.0","0.0",,"83","69"
"USW00013881","CHARLOTTE DOUGLAS AIRPORT, NC US","2023-09-01","0.00","0.0","0.0",,"83","61"
"USW00013881","CHARLOTTE DOUGLAS AIRPORT, NC US","2023-09-02","0.00","0.0","0.0",,"85","60"
"USW00013881","CHARLOTTE DOUGLAS AIRPORT, NC US","2023-09-03","0.00","0.0","0.0",,"91","61"
"USW00013881","CHARLOTTE DOUGLAS AIRPORT, NC US","2023-09-04","0.00","0.0","0.0",,"92","67"
"USW00013881","CHARLOTTE DOUGLAS AIRPORT, NC US","2023-09-05","0.00","0.0","0.0",,"94","70"
"USW00013881","CHARLOTTE DOUGLAS AIRPORT, NC US","2023-09-06","0.00","0.0","0.0",,"96","73"
"USW00013881","CHARLOTTE DOUGLAS AIRPORT, NC US","2023-09-07","0.06","0.0","0.0",,"93","68"
"USW00013881","CHARLOTTE DOUGLAS AIRPORT, NC US","2023-09-08","0.00","0.0","0.0",,"85","67"
"USW00013881","CHARLOTTE DOUGLAS AIRPORT, NC US","2023-09-09","0.41","0.0","0.0",,"82","69"
"USW00013881","CHARLOTTE DOUGLAS AIRPORT, NC US","2023-09-10","0.01","0.0","0.0",,"84","69"
"USW00013881","CHARLOTTE DOUGLAS AIRPORT, NC US","2023-09-11","0.00","0.0","0.0",,"88","65"
"USW00013881","CHARLOTTE DOUGLAS AIRPORT, NC US","2023-09-12","0.17","0.0","0.0",,"89","71"
"USW00013881","CHARLOTTE DOUGLAS AIRPORT, NC US","2023-09-13","0.00","0.0","0.0",,"84","68"
"USW00013881","CHARLOTTE DOUGLAS AIRPORT, NC US","2023-09-14","0.00","0.0","0.0",,"83","67"
"USW00013881","CHARLOTTE DOUGLAS AIRPORT, NC US","2023-09-15","0.00","0.0","0.0",,"80","63"
"USW00013881","CHARLOTTE DOUGLAS AIRPORT, NC US","2023-09-16","0.00","0.0","0.0",,"84","60"
"USW00013881","CHARLOTTE DOUGLAS AIRPORT, NC US","2023-09-17","0.23","0.0","0.0",,"71","59"
"USW00013881","CHARLOTTE DOUGLAS AIRPORT, NC US","2023-09-18","0.00","0.0","0.0",,"81","60"
"USW00013881","CHARLOTTE DOUGLAS AIRPORT, NC US","2023-09-19","0.00","0.0","0.0",,"82","56"
"USW00013881","CHARLOTTE DOUGLAS AIRPORT, NC US","2023-09-20","0.00","0.0","0.0",,"82","63"
"USW00013881","CHARLOTTE DOUGLAS AIRPORT, NC US","2023-09-21","0.00","0.0","0.0",,"82","61"
"USW00013881","CHARLOTTE DOUGLAS AIRPORT, NC US","2023-09-22","0.00","0.0","0.0",,"78","61"
"USW00013881","CHARLOTTE DOUGLAS AIRPORT, NC US","2023-09-23","0.00","0.0","0.0",,"74","61"
"USW00013881","CHARLOTTE DOUGLAS AIRPORT, NC US","2023-09-24","0.00","0.0","0.0",,"82","58"
"USW00013881","CHARLOTTE DOUGLAS AIRPORT, NC US","2023-09-25","0.00","0.0","0.0",,"84","63"
"USW00013881","CHARLOTTE DOUGLAS AIRPORT, NC US","2023-09-26","0.00","0.0","0.0",,"78","64"
"USW00013881","CHARLOTTE DOUGLAS AIRPORT, NC US","2023-09-27","0.00","0.0","0.0",,"69","62"
"USW00013881","CHARLOTTE DOUGLAS AIRPORT, NC US","2023-09-28","0.00","0.0","0.0",,"77","58"
"USW00013881","CHARLOTTE DOUGLAS AIRPORT, NC US","2023-09-29","0.00","0.0","0.0",,"84","59"
"USW00013881","CHARLOTTE DOUGLAS AIRPORT, NC US","2023-09-30","0.00","0.0","0.0",,"85","60"
"USW00013881","CHARLOTTE DOUGLAS AIRPORT, NC US","2023-10-01","0.00","0.0","0.0",,"83","60"
"USW00013881","CHARLOTTE DOUGLAS AIRPORT, NC US","2023-10-02","0.00","0.0","0.0",,"85","59"
"USW00013881","CHARLOTTE DOUGLAS AIRPORT, NC US","2023-10-03","0.00","0.0","0.0",,"84","59"
"USW00013881","CHARLOTTE DOUGLAS AIRPORT, NC US","2023-10-04","0.00","0.0","0.0",,"84","60"
"USW00013881","CHARLOTTE DOUGLAS AIRPORT, NC US","2023-10-05","0.00","0.0","0.0",,"81","57"
"USW00013881","CHARLOTTE DOUGLAS AIRPORT, NC US","2023-10-06","0.01","0.0","0.0",,"84","64"
"USW00013881","CHARLOTTE DOUGLAS AIRPORT, NC US","2023-10-07","0.00","0.0","0.0",,"75","49"
"USW00013881","CHARLOTTE DOUGLAS AIRPORT, NC US","2023-10-08","0.00","0.0","0.0",,"68","42"
"USW00013881","CHARLOTTE DOUGLAS AIRPORT, NC US","2023-10-09","0.00","0.0","0.0",,"73","42"
"USW00013881","CHARLOTTE DOUGLAS AIRPORT, NC US","2023-10-10","0.00","0.0","0.0",,"81","50"
"USW00013881","CHARLOTTE DOUGLAS AIRPORT, NC US","2023-10-11","0.00","0.0","0.0",,"72","54"
"USW00013881","CHARLOTTE DOUGLAS AIRPORT, NC US","2023-10-12","0.19","0.0","0.0",,"73","57"
"USW00013881","CHARLOTTE DOUGLAS AIRPORT, NC US","2023-10-13","0.00","0.0","0.0",,"80","52"
"USW00013881","CHARLOTTE DOUGLAS AIRPORT, NC US","2023-10-14","0.78","0.0","0.0",,"72","59"
"USW00013881","CHARLOTTE DOUGLAS AIRPORT, NC US","2023-10-15","0.00","0.0","0.0",,"67","53"
"USW00013881","CHARLOTTE DOUGLAS AIRPORT, NC US","2023-10-16","0.00","0.0","0.0",,"62","46"
"USW00013881","CHARLOTTE DOUGLAS AIRPORT, NC US","2023-10-17","0.00","0.0","0.0",,"70","44"
"USW00013881","CHARLOTTE DOUGLAS AIRPORT, NC US","2023-10-18","0.00","0.0","0.0",,"71","51"
"USW00013881","CHARLOTTE DOUGLAS AIRPORT, NC US","2023-10-19","0.00","0.0","0.0",,"73","48"
"USW00013881","CHARLOTTE DOUGLAS AIRPORT, NC US","2023-10-20","0.00","0.0","0.0",,"71","53"
"USW00013881","CHARLOTTE DOUGLAS AIRPORT, NC US","2023-10-21","0.00","0.0","0.0",,"73","50"
"USW00013881","CHARLOTTE DOUGLAS AIRPORT, NC US","2023-10-22","0.00","0.0","0.0",,"75","50"
"USW00013881","CHARLOTTE DOUGLAS AIRPORT, NC US","2023-10-23","0.00","0.0","0.0",,"72","41"
"USW00013881","CHARLOTTE DOUGLAS AIRPORT, NC US","2023-10-24","0.00","0.0","0.0",,"74","40"
"USW00013881","CHARLOTTE DOUGLAS AIRPORT, NC US","2023-10-25","0.00","0.0","0.0",,"77","42"
"USW00013881","CHARLOTTE DOUGLAS AIRPORT, NC US","2023-10-26","0.00","0.0","0.0",,"80","52"
"USW00013881","CHARLOTTE DOUGLAS AIRPORT, NC US","2023-10-27","0.00","0.0","0.0",,"80","54"
"USW00013881","CHARLOTTE DOUGLAS AIRPORT, NC US","2023-10-28","0.00","0.0","0.0",,"84","58"
"USW00013881","CHARLOTTE DOUGLAS AIRPORT, NC US","2023-10-29","0.00","0.0","0.0",,"83","58"
"USW00013881","CHARLOTTE DOUGLAS AIRPORT, NC US","2023-10-30","0.00","0.0","0.0",,"84","62"
"USW00013881","CHARLOTTE DOUGLAS AIRPORT, NC US","2023-10-31","0.00","0.0","0.0",,"64","45"
"USW00013881","CHARLOTTE DOUGLAS AIRPORT, NC US","2023-11-01","0.00","0.0","0.0",,"53","35"
"USW00013881","CHARLOTTE DOUGLAS AIRPORT, NC US","2023-11-02","0.00","0.0","0.0",,"55","31"
"USW00013881","CHARLOTTE DOUGLAS AIRPORT, NC US","2023-11-03","0.00","0.0","0.0",,"64","29"
"USW00013881","CHARLOTTE DOUGLAS AIRPORT, NC US","2023-11-04","0.00","0.0","0.0",,"71","32"
"USW00013881","CHARLOTTE DOUGLAS AIRPORT, NC US","2023-11-05","0.00","0.0","0.0",,"76","38"
"USW00013881","CHARLOTTE DOUGLAS AIRPORT, NC US","2023-11-06","0.00","0.0","0.0",,"76","43"
"USW00013881","CHARLOTTE DOUGLAS AIRPORT, NC US","2023-11-07","0.00","0.0","0.0",,"80","47"
"USW00013881","CHARLOTTE DOUGLAS AIRPORT, NC US","2023-11-08","0.00","0.0","0.0",,"81","49"
"USW00013881","CHARLOTTE DOUGLAS AIRPORT, NC US","2023-11-09","0.00","0.0","0.0",,"83","55"
"USW00013881","CHARLOTTE DOUGLAS AIRPORT, NC US","2023-11-10","0.01","0.0","0.0",,"69","53"
"USW00013881","CHARLOTTE DOUGLAS AIRPORT, NC US","2023-11-11","0.08","0.0","0.0",,"53","48"
"USW00013881","CHARLOTTE DOUGLAS AIRPORT, NC US","2023-11-12","0.00","0.0","0.0",,"63","44"
"USW00013881","CHARLOTTE DOUGLAS AIRPORT, NC US","2023-11-13","0.00","0.0","0.0",,"66","38"
"USW00013881","CHARLOTTE DOUGLAS AIRPORT, NC US","2023-11-14","0.00","0.0","0.0",,"69","43"
"USW00013881","CHARLOTTE DOUGLAS AIRPORT, NC US","2023-11-15","0.00","0.0","0.0",,"59","45"
"USW00013881","CHARLOTTE DOUGLAS AIRPORT, NC US","2023-11-16","0.00","0.0","0.0",,"72","48"
"USW00013881","CHARLOTTE DOUGLAS AIRPORT, NC US","2023-11-17","0.00","0.0","0.0",,"72","54"
"USW00013881","CHARLOTTE DOUGLAS AIRPORT, NC US","2023-11-18","0.00","0.0","0.0",,"76","51"
"USW00013881","CHARLOTTE DOUGLAS AIRPORT, NC US","2023-11-19","0.00","0.0","0.0",,"65","41"
"USW00013881","CHARLOTTE DOUGLAS AIRPORT, NC US","2023-11-20","0.00","0.0","0.0",,"64","48"
"USW00013881","CHARLOTTE DOUGLAS AIRPORT, NC US","2023-11-21","2.05","0.0","0.0",,"65","48"
"USW00013881","CHARLOTTE DOUGLAS AIRPORT, NC US","2023-11-22","0.31","0.0","0.0",,"66","40"
"USW00013881","CHARLOTTE DOUGLAS AIRPORT, NC US","2023-11-23","0.00","0.0","0.0",,"59","35"
"USW00013881","CHARLOTTE DOUGLAS AIRPORT, NC US","2023-11-24","0.00","0.0","0.0",,"59","41"
"USW00013881","CHARLOTTE DOUGLAS AIRPORT, NC US","2023-11-25","0.00","0.0","0.0",,"53","40"
"USW00013881","CHARLOTTE DOUGLAS AIRPORT, NC US","2023-11-26","0.04","0.0","0.0",,"51","30"
"USW00013881","CHARLOTTE DOUGLAS AIRPORT, NC US","2023-11-27","0.00","0.0","0.0",,"58","36"
"USW00013881","CHARLOTTE DOUGLAS AIRPORT, NC US","2023-11-28","0.00","0.0","0.0",,"54","30"
"USW00013881","CHARLOTTE DOUGLAS AIRPORT, NC US","2023-11-29","0.00","0.0","0.0",,"49","23"
"USW00013881","CHARLOTTE DOUGLAS AIRPORT, NC US","2023-11-30","0.00","0.0","0.0",,"61","29"
"USW00013881","CHARLOTTE DOUGLAS AIRPORT, NC US","2023-12-01","0.12","0.0","0.0",,"60","35"
"USW00013881","CHARLOTTE DOUGLAS AIRPORT, NC US","2023-12-02","0.01","0.0","0.0",,"68","49"
"USW00013881","CHARLOTTE DOUGLAS AIRPORT, NC US","2023-12-03","0.07","0.0","0.0",,"72","51"
"USW00013881","CHARLOTTE DOUGLAS AIRPORT, NC US","2023-12-04","0.00","0.0","0.0",,"66","41"
"USW00013881","CHARLOTTE DOUGLAS AIRPORT, NC US","2023-12-05","0.00","0.0","0.0",,"59","36"
"USW00013881","CHARLOTTE DOUGLAS AIRPORT, NC US","2023-12-06","0.00","0.0","0.0",,"55","34"
"USW00013881","CHARLOTTE DOUGLAS AIRPORT, NC US","2023-12-07","0.00","0.0","0.0",,"54","30"
"USW00013881","CHARLOTTE DOUGLAS AIRPORT, NC US","2023-12-08","0.00","0.0","0.0",,"64","38"
"USW00013881","CHARLOTTE DOUGLAS AIRPORT, NC US","2023-12-09","0.03","0.0","0.0",,"60","48"
"USW00013881","CHARLOTTE DOUGLAS AIRPORT, NC US","2023-12-10","2.12","0.0","0.0",,"63","45"
"USW00013881","CHARLOTTE DOUGLAS AIRPORT, NC US","2023-12-11","0.07","0.0","0.0",,"50","35"
"USW00013881","CHARLOTTE DOUGLAS AIRPORT, NC US","2023-12-12","0.00","0.0","0.0",,"52","27"
"USW00013881","CHARLOTTE DOUGLAS AIRPORT, NC US","2023-12-13","0.00","0.0","0.0",,"61","31"
"USW00013881","CHARLOTTE DOUGLAS AIRPORT, NC US","2023-12-14","0.00","0.0","0.0",,"55","32"
"USW00013881","CHARLOTTE DOUGLAS AIRPORT, NC US","2023-12-15","0.00","0.0","0.0",,"59","28"
"USW00013881","CHARLOTTE DOUGLAS AIRPORT, NC US","2023-12-16","0.00","0.0","0.0",,"59","30"
"USW00013881","CHARLOTTE DOUGLAS AIRPORT, NC US","2023-12-17","1.44","0.0","0.0",,"53","44"
"USW00013881","CHARLOTTE DOUGLAS AIRPORT, NC US","2023-12-18","0.00","0.0","0.0",,"58","36"
"USW00013881","CHARLOTTE DOUGLAS AIRPORT, NC US","2023-12-19","0.00","0.0","0.0",,"46","29"
"USW00013881","CHARLOTTE DOUGLAS AIRPORT, NC US","2023-12-20","0.00","0.0","0.0",,"51","23"
"USW00013881","CHARLOTTE DOUGLAS AIRPORT, NC US","2023-12-21","0.00","0.0","0.0",,"60","28"
"USW00013881","CHARLOTTE DOUGLAS AIRPORT, NC US","2023-12-22","0.00","0.0","0.0",,"58","34"
"USW00013881","CHARLOTTE DOUGLAS AIRPORT, NC US","2023-12-23","0.00","0.0","0.0",,"63","36"
"USW00013881","CHARLOTTE DOUGLAS AIRPORT, NC US","2023-12-24","0.00","0.0","0.0",,"67","37"
"USW00013881","CHARLOTTE DOUGLAS AIRPORT, NC US","2023-12-25","0.55","0.0","0.0",,"61","50"
"USW00013881","CHARLOTTE DOUGLAS AIRPORT, NC US","2023-12-26","1.80","0.0","0.0",,"59","55"
"USW00013881","CHARLOTTE DOUGLAS AIRPORT, NC US","2023-12-27","0.11","0.0","0.0",,"60","52"
"USW00013881","CHARLOTTE DOUGLAS AIRPORT, NC US","2023-12-28","0.00","0.0","0.0",,"58","42"
"USW00013881","CHARLOTTE DOUGLAS AIRPORT, NC US","2023-12-29","0.00","0.0","0.0",,"48","35"
"USW00013881","CHARLOTTE DOUGLAS AIRPORT, NC US","2023-12-30","0.00","0.0","0.0",,"52","35"
"USW00013881","CHARLOTTE DOUGLAS AIRPORT, NC US","2023-12-31","0.00","0.0","0.0",,"53","29"
"USW00013881","CHARLOTTE DOUGLAS AIRPORT, NC US","2024-01-01","0.00","0.0","0.0",,"54","34"
"USW00013881","CHARLOTTE DOUGLAS AIRPORT, NC US","2024-01-02","0.00","0.0","0.0",,"53","27"
"USW00013881","CHARLOTTE DOUGLAS AIRPORT, NC US","2024-01-03","0.00","0.0","0.0",,"48","28"
"USW00013881","CHARLOTTE DOUGLAS AIRPORT, NC US","2024-01-04","0.00","0.0","0.0",,"53","32"
"USW00013881","CHARLOTTE DOUGLAS AIRPORT, NC US","2024-01-05","0.00","0.0","0.0",,"46","24"
"USW00013881","CHARLOTTE DOUGLAS AIRPORT, NC US","2024-01-06","1.08","0.0","0.0",,"49","36"
"USW00013881","CHARLOTTE DOUGLAS AIRPORT, NC US","2024-01-07","0.00","0.0","0.0",,"56","37"
"USW00013881","CHARLOTTE DOUGLAS AIRPORT, NC US","2024-01-08","0.00","0.0","0.0",,"49","29"
"USW00013881","CHARLOTTE DOUGLAS AIRPORT, NC US","2024-01-09","2.53","0.0","0.0",,"63","40"
"USW00013881","CHARLOTTE DOUGLAS AIRPORT, NC US","2024-01-10","0.01","0.0","0.0",,"51","38"
"USW00013881","CHARLOTTE DOUGLAS AIRPORT, NC US","2024-01-11","0.00","0.0","0.0",,"59","31"
"USW00013881","CHARLOTTE DOUGLAS AIRPORT, NC US","2024-01-12","0.90","0.0","0.0",,"58","31"
"USW00013881","CHARLOTTE DOUGLAS AIRPORT, NC US","2024-01-13","0.00","0.0","0.0",,"52","36"
"USW00013881","CHARLOTTE DOUGLAS AIRPORT, NC US","2024-01-14","0.00","0.0","0.0",,"57","31"
"USW00013881","CHARLOTTE DOUGLAS AIRPORT, NC US","2024-01-15","0.00","0.0","0.0",,"58","37"
"USW00013881","CHARLOTTE DOUGLAS AIRPORT, NC US","2024-01-16","0.16","0.0","0.0",,"45","25"
"USW00013881","CHARLOTTE DOUGLAS AIRPORT, NC US","2024-01-17","0.00","0.0","0.0",,"39","18"
"USW00013881","CHARLOTTE DOUGLAS AIRPORT, NC US","2024-01-18","0.00","0.0","0.0",,"51","25"
"USW00013881","CHARLOTTE DOUGLAS AIRPORT, NC US","2024-01-19","0.00","0.0","0.0",,"53","28"
"USW00013881","CHARLOTTE DOUGLAS AIRPORT, NC US","2024-01-20","0.00","0.0","0.0",,"34","20"
"USW00013881","CHARLOTTE DOUGLAS AIRPORT, NC US","2024-01-21","0.00","0.0","0.0",,"41","13"
"USW00013881","CHARLOTTE DOUGLAS AIRPORT, NC US","2024-01-22","0.00","0.0","0.0",,"50","20"
"USW00013881","CHARLOTTE DOUGLAS AIRPORT, NC US","2024-01-23","0.01","0.0","0.0",,"52","36"
"USW00013881","CHARLOTTE DOUGLAS AIRPORT, NC US","2024-01-24","0.34","0.0","0.0",,"64","43"
"USW00013881","CHARLOTTE DOUGLAS AIRPORT, NC US","2024-01-25","0.58","0.0","0.0",,"66","64"
"USW00013881","CHARLOTTE DOUGLAS AIRPORT, NC US","2024-01-26","0.00","0.0","0.0",,"72","59"
"USW00013881","CHARLOTTE DOUGLAS AIRPORT, NC US","2024-01-27","1.66","0.0","0.0",,"64","53"
"USW00013881","CHARLOTTE DOUGLAS AIRPORT, NC US","2024-01-28","0.00","0.0","0.0",,"64","42"
"USW00013881","CHARLOTTE DOUGLAS AIRPORT, NC US","2024-01-29","0.00","0.0","0.0",,"60","37"
"USW00013881","CHARLOTTE DOUGLAS AIRPORT, NC US","2024-01-30","0.00","0.0","0.0",,"56","32"
"USW00013881","CHARLOTTE DOUGLAS AIRPORT, NC US","2024-01-31","0.01","0.0","0.0",,"54","39"
"USW00013881","CHARLOTTE DOUGLAS AIRPORT, NC US","2024-02-01","0.00","0.0","0.0",,"59","31"
"USW00013881","CHARLOTTE DOUGLAS AIRPORT, NC US","2024-02-02","0.00","0.0","0.0",,"69","40"
"USW00013881","CHARLOTTE DOUGLAS AIRPORT, NC US","2024-02-03","0.00","0.0","0.0",,"56","36"
"USW00013881","CHARLOTTE DOUGLAS AIRPORT, NC US","2024-02-04","0.00","0.0","0.0",,"54","30"
"USW00013881","CHARLOTTE DOUGLAS AIRPORT, NC US","2024-02-05","0.00","0.0","0.0",,"61","39"
"USW00013881","CHARLOTTE DOUGLAS AIRPORT, NC US","2024-02-06","0.00","0.0","0.0",,"56","37"
"USW00013881","CHARLOTTE DOUGLAS AIRPORT, NC US","2024-02-07","0.00","0.0","0.0",,"56","31"
"USW00013881","CHARLOTTE DOUGLAS AIRPORT, NC US","2024-02-08","0.00","0.0","0.0",,"57","29"
"USW00013881","CHARLOTTE DOUGLAS AIRPORT, NC US","2024-02-09","0.00","0.0","0.0",,"61","43"
"USW00013881","CHARLOTTE DOUGLAS AIRPORT, NC US","2024-02-10","0.02","0.0","0.0",,"70","50"
"USW00013881","CHARLOTTE DOUGLAS AIRPORT, NC US","2024-02-11","0.07","0.0","0.0",,"65","56"
"USW00013881","CHARLOTTE DOUGLAS AIRPORT, NC US","2024-02-12","0.50","0.0","0.0",,"60","56"
"USW00013881","CHARLOTTE DOUGLAS AIRPORT, NC US","2024-02-13","0.00","0.0","0.0",,"60","40"
"USW00013881","CHARLOTTE DOUGLAS AIRPORT, NC US","2024-02-14","0.00","0.0","0.0",,"65","35"
"USW00013881","CHARLOTTE DOUGLAS AIRPORT, NC US","2024-02-15","0.00","0.0","0.0",,"68","37"
"USW00013881","CHARLOTTE DOUGLAS AIRPORT, NC US","2024-02-16","0.00","0.0","0.0",,"61","40"
"USW00013881","CHARLOTTE DOUGLAS AIRPORT, NC US","2024-02-17","0.00","0.0","0.0",,"57","37"
"USW00013881","CHARLOTTE DOUGLAS AIRPORT, NC US","2024-02-18","0.00","0.0","0.0",,"49","31"
"USW00013881","CHARLOTTE DOUGLAS AIRPORT, NC US","2024-02-19","0.00","0.0","0.0",,"59","28"
"USW00013881","CHARLOTTE DOUGLAS AIRPORT, NC US","2024-02-20","0.00","0.0","0.0",,"59","29"
"USW00013881","CHARLOTTE DOUGLAS AIRPORT, NC US","2024-02-21","0.00","0.0","0.0",,"60","32"
"USW00013881","CHARLOTTE DOUGLAS AIRPORT, NC US","2024-02-22","0.00","0.0","0.0",,"66","37"
"USW00013881","CHARLOTTE DOUGLAS AIRPORT, NC US","2024-02-23","0.22","0.0","0.0",,"64","48"
"USW00013881","CHARLOTTE DOUGLAS AIRPORT, NC US","2024-02-24","0.00","0.0","0.0",,"61","37"
"USW00013881","CHARLOTTE DOUGLAS AIRPORT, NC US","2024-02-25","0.00","0.0","0.0",,"56","31"
"USW00013881","CHARLOTTE DOUGLAS AIRPORT, NC US","2024-02-26","0.00","0.0","0.0",,"72","48"
"USW00013881","CHARLOTTE DOUGLAS AIRPORT, NC US","2024-02-27","0.12","0.0","0.0",,"67","52"
"USW00013881","CHARLOTTE DOUGLAS AIRPORT, NC US","2024-02-28","0.01","0.0","0.0",,"71","45"
"USW00013881","CHARLOTTE DOUGLAS AIRPORT, NC US","2024-02-29","0.00","0.0","0.0",,"54","38"
"USW00013881","CHARLOTTE DOUGLAS AIRPORT, NC US","2024-03-01","1.19","0.0","0.0",,"47","40"
"USW00013881","CHARLOTTE DOUGLAS AIRPORT, NC US","2024-03-02","0.02","0.0","0.0",,"66","43"
"USW00013881","CHARLOTTE DOUGLAS AIRPORT, NC US","2024-03-03","0.00","0.0","0.0",,"67","51"
"USW00013881","CHARLOTTE DOUGLAS AIRPORT, NC US","2024-03-04","0.00","0.0","0.0",,"73","46"
"USW00013881","CHARLOTTE DOUGLAS AIRPORT, NC US","2024-03-05","0.02","0.0","0.0",,"72","45"
"USW00013881","CHARLOTTE DOUGLAS AIRPORT, NC US","2024-03-06","0.56","0.0","0.0",,"61","56"
"USW00013881","CHARLOTTE DOUGLAS AIRPORT, NC US","2024-03-07","0.00","0.0","0.0",,"73","53"
"USW00013881","CHARLOTTE DOUGLAS AIRPORT, NC US","2024-03-08","0.01","0.0","0.0",,"62","54"
"USW00013881","CHARLOTTE DOUGLAS AIRPORT, NC US","2024-03-09","1.06","0.0","0.0",,"60","53"
"USW00013881","CHARLOTTE DOUGLAS AIRPORT, NC US","2024-03-10","0.00","0.0","0.0",,"61","42"
"USW00013881","CHARLOTTE DOUGLAS AIRPORT, NC US","2024-03-11","0.00","0.0","0.0",,"65","33"
"USW00013881","CHARLOTTE DOUGLAS AIRPORT, NC US","2024-03-12","0.00","0.0","0.0",,"73","36"
"USW00013881","CHARLOTTE DOUGLAS AIRPORT, NC US","2024-03-13","0.00","0.0","0.0",,"76","43"
"USW00013881","CHARLOTTE DOUGLAS AIRPORT, NC US","2024-03-14","0.00","0.0","0.0",,"82","45"
"USW00013881","CHARLOTTE DOUGLAS AIRPORT, NC US","2024-03-15","0.55","0.0","0.0",,"66","56"
"USW00013881","CHARLOTTE DOUGLAS AIRPORT, NC US","2024-03-16","0.00","0.0","0.0",,"75","54"
"USW00013881","CHARLOTTE DOUGLAS AIRPORT, NC US","2024-03-17","0.00","0.0","0.0",,"74","50"
"USW00013881","CHARLOTTE DOUGLAS AIRPORT, NC US","2024-03-18","0.00","0.0","0.0",,"61","40"
"USW00013881","CHARLOTTE DOUGLAS AIRPORT, NC US","2024-03-19","0.00","0.0","0.0",,"59","32"
"USW00013881","CHARLOTTE DOUGLAS AIRPORT, NC US","2024-03-20","0.00","0.0","0.0",,"75","39"
"USW00013881","CHARLOTTE DOUGLAS AIRPORT, NC US","2024-03-21","0.00","0.0","0.0",,"73","45"
"USW00013881","CHARLOTTE DOUGLAS AIRPORT, NC US","2024-03-22","0.62","0.0","0.0",,"61","52"
"USW00013881","CHARLOTTE DOUGLAS AIRPORT, NC US","2024-03-23","0.42","0.0","0.0",,"69","44"
"USW00013881","CHARLOTTE DOUGLAS AIRPORT, NC US","2024-03-24","0.00","0.0","0.0",,"59","37"
"USW00013881","CHARLOTTE DOUGLAS AIRPORT, NC US","2024-03-25","0.00","0.0","0.0",,"61","39"
"USW00013881","CHARLOTTE DOUGLAS AIRPORT, NC US","2024-03-26","0.19","0.0","0.0",,"64","48"
"USW00013881","CHARLOTTE DOUGLAS AIRPORT, NC US","2024-03-27","0.54","0.0","0.0",,"57","48"
"USW00013881","CHARLOTTE DOUGLAS AIRPORT, NC US","2024-03-28","0.00","0.0","0.0",,"69","45"
"USW00013881","CHARLOTTE DOUGLAS AIRPORT, NC US","2024-03-29","0.00","0.0","0.0",,"74","39"
"USW00013881","CHARLOTTE DOUGLAS AIRPORT, NC US","2024-03-30","0.00","0.0","0.0",,"78","44"
"USW00013881","CHARLOTTE DOUGLAS AIRPORT, NC US","2024-03-31","0.00","0.0","0.0",,"84","51"
"USW00013881","CHARLOTTE DOUGLAS AIRPORT, NC US","2024-04-01","0.00","0.0","0.0",,"82","63"
"USW00013881","CHARLOTTE DOUGLAS AIRPORT, NC US","2024-04-02","0.00","0.0","0.0",,"84","67"
"USW00013881","CHARLOTTE DOUGLAS AIRPORT, NC US","2024-04-03","0.32","0.0","0.0",,"76","51"
"USW00013881","CHARLOTTE DOUGLAS AIRPORT, NC US","2024-04-04","0.00","0.0","0.0",,"60","44"
"USW00013881","CHARLOTTE DOUGLAS AIRPORT, NC US","2024-04-05","0.00","0.0","0.0",,"64","42"
"USW00013881","CHARLOTTE DOUGLAS AIRPORT, NC US","2024-04-06","0.00","0.0","0.0",,"66","39"
"USW00013881","CHARLOTTE DOUGLAS AIRPORT, NC US","2024-04-07","0.00","0.0","0.0",,"68","39"
"USW00013881","CHARLOTTE DOUGLAS AIRPORT, NC US","2024-04-08","0.00","0.0","0.0",,"76","50"
"USW00013881","CHARLOTTE DOUGLAS AIRPORT, NC US","2024-04-09","0.22","0.0","0.0",,"63","57"
"USW00013881","CHARLOTTE DOUGLAS AIRPORT, NC US","2024-04-10","0.13","0.0","0.0",,"77","58"
"USW00013881","CHARLOTTE DOUGLAS AIRPORT, NC US","2024-04-11","0.06","0.0","0.0",,"76","62"
"USW00013881","CHARLOTTE DOUGLAS AIRPORT, NC US","2024-04-12","0.16","0.0","0.0",,"71","51"
"USW00013881","CHARLOTTE DOUGLAS AIRPORT, NC US","2024-04-13","0.00","0.0","0.0",,"76","49"
"USW00013881","CHARLOTTE DOUGLAS AIRPORT, NC US","2024-04-14","0.00","0.0","0.0",,"85","45"
"USW00013881","CHARLOTTE DOUGLAS AIRPORT, NC US","2024-04-15","0.00","0.0","0.0",,"88","55"
"USW00013881","CHARLOTTE DOUGLAS AIRPORT, NC US","2024-04-16","0.00","0.0","0.0",,"88","61"
"USW00013881","CHARLOTTE DOUGLAS AIRPORT, NC US","2024-04-17","0.00","0.0","0.0",,"81","64"
"USW00013881","CHARLOTTE DOUGLAS AIRPORT, NC US","2024-04-18","0.00","0.0","0.0",,"89","57"
"USW00013881","CHARLOTTE DOUGLAS AIRPORT, NC US","2024-04-19","0.19","0.0","0.0",,"87","63"
"USW00013881","CHARLOTTE DOUGLAS AIRPORT, NC US","2024-04-20","0.17","0.0","0.0",,"83","63"
"USW00013881","CHARLOTTE DOUGLAS AIRPORT, NC US","2024-04-21","0.33","0.0","0.0",,"64","45"
"USW00013881","CHARLOTTE DOUGLAS AIRPORT, NC US","2024-04-22","0.00","0.0","0.0",,"63","45"
"USW00013881","CHARLOTTE DOUGLAS AIRPORT, NC US","2024-04-23","0.00","0.0","0.0",,"73","41"
"USW00013881","CHARLOTTE DOUGLAS AIRPORT, NC US","2024-04-24","0.00","0.0","0.0",,"75","53"
"USW00013881","CHARLOTTE DOUGLAS AIRPORT, NC US","2024-04-25","0.00","0.0","0.0",,"77","49"
"USW00013881","CHARLOTTE DOUGLAS AIRPORT, NC US","2024-04-26","0.00","0.0","0.0",,"67","56"
"USW00013881","CHARLOTTE DOUGLAS AIRPORT, NC US","2024-04-27","0.00","0.0","0.0",,"76","60"
"USW00013881","CHARLOTTE DOUGLAS AIRPORT, NC US","2024-04-28","0.00","0.0","0.0",,"76","57"
"USW00013881","CHARLOTTE DOUGLAS AIRPORT, NC US","2024-04-29","0.00","0.0","0.0",,"79","58"
"USW00013881","CHARLOTTE DOUGLAS AIRPORT, NC US","2024-04-30","0.01","0.0","0.0",,"79","60"
"USW00013881","CHARLOTTE DOUGLAS AIRPORT, NC US","2024-05-01","0.00","0.0","0.0",,"85","61"
"USW00013881","CHARLOTTE DOUGLAS AIRPORT, NC US","2024-05-02","0.00","0.0","0.0",,"89","59"
"USW00013881","CHARLOTTE DOUGLAS AIRPORT, NC US","2024-05-03","0.00","0.0","0.0",,"87","66"
"USW00013881","CHARLOTTE DOUGLAS AIRPORT, NC US","2024-05-04","0.77","0.0","0.0",,"73","65"
"USW00013881","CHARLOTTE DOUGLAS AIRPORT, NC US","2024-05-05","0.39","0.0","0.0",,"81","65"
"USW00013881","CHARLOTTE DOUGLAS AIRPORT, NC US","2024-05-06","0.02","0.0","0.0",,"80","67"
"USW00013881","CHARLOTTE DOUGLAS AIRPORT, NC US","2024-05-07","0.28","0.0","0.0",,"84","64"
"USW00013881","CHARLOTTE DOUGLAS AIRPORT, NC US","2024-05-08","0.80","0.0","0.0",,"87","67"
"USW00013881","CHARLOTTE DOUGLAS AIRPORT, NC US","2024-05-09","0.84","0.0","0.0",,"75","64"
"USW00013881","CHARLOTTE DOUGLAS AIRPORT, NC US","2024-05-10","0.01","0.0","0.0",,"83","57"
"USW00013881","CHARLOTTE DOUGLAS AIRPORT, NC US","2024-05-11","0.00","0.0","0.0",,"75","49"
"USW00013881","CHARLOTTE DOUGLAS AIRPORT, NC US","2024-05-12","0.00","0.0","0.0",,"80","53"
"USW00013881","CHARLOTTE DOUGLAS AIRPORT, NC US","2024-05-13","0.02","0.0","0.0",,"76","59"
"USW00013881","CHARLOTTE DOUGLAS AIRPORT, NC US","2024-05-14","2.09","0.0","0.0",,"71","63"
"USW00013881","CHARLOTTE DOUGLAS AIRPORT, NC US","2024-05-15","1.38","0.0","0.0",,"78","61"
"USW00013881","CHARLOTTE DOUGLAS AIRPORT, NC US","2024-05-16","0.00","0.0","0.0",,"83","58"
"USW00013881","CHARLOTTE DOUGLAS AIRPORT, NC US","2024-05-17","0.20","0.0","0.0",,"80","62"
"USW00013881","CHARLOTTE DOUGLAS AIRPORT, NC US","2024-05-18","0.00","0.0","0.0",,"79","67"
"USW00013881","CHARLOTTE DOUGLAS AIRPORT, NC US","2024-05-19","0.00","0.0","0.0",,"76","62"
"USW00013881","CHARLOTTE DOUGLAS AIRPORT, NC US","2024-05-20","0.00","0.0","0.0",,"83","59"
"USW00013881","CHARLOTTE DOUGLAS AIRPORT, NC US","2024-05-21","0.00","0.0","0.0",,"85","60"
"USW00013881","CHARLOTTE DOUGLAS AIRPORT, NC US","2024-05-22","0.00","0.0","0.0",,"87","63"
"USW00013881","CHARLOTTE DOUGLAS AIRPORT, NC US","2024-05-23","0.12","0.0","0.0",,"88","68"
"USW00013881","CHARLOTTE DOUGLAS AIRPORT, NC US","2024-05-24","0.01","0.0","0.0",,"89","68"
"USW00013881","CHARLOTTE DOUGLAS AIRPORT, NC US","2024-05-25","0.41","0.0","0.0",,"85","64"
"USW00013881","CHARLOTTE DOUGLAS AIRPORT, NC US","2024-05-26","0.00","0.0","0.0",,"89","66"
"USW00013881","CHARLOTTE DOUGLAS AIRPORT, NC US","2024-05-27","0.00","0.0","0.0",,"85","73"
"USW00013881","CHARLOTTE DOUGLAS AIRPORT, NC US","2024-05-28","0.00","0.0","0.0",,"87","69"
"USW00013881","CHARLOTTE DOUGLAS AIRPORT, NC US","2024-05-29","0.00","0.0","0.0",,"85","62"
"USW00013881","CHARLOTTE DOUGLAS AIRPORT, NC US","2024-05-30","0.00","0.0","0.0",,"80","58"
"USW00013881","CHARLOTTE DOUGLAS AIRPORT, NC US","2024-05-31","0.00","0.0","0.0",,"77","57"
"USW00013881","CHARLOTTE DOUGLAS AIRPORT, NC US","2024-06-01","0.00","0.0","0.0",,"81","51"
"USW00013881","CHARLOTTE DOUGLAS AIRPORT, NC US","2024-06-02","0.08","0.0","0.0",,"77","68"
"USW00013881","CHARLOTTE DOUGLAS AIRPORT, NC US","2024-06-03","0.00","0.0","0.0",,"84","67"
"USW00013881","CHARLOTTE DOUGLAS AIRPORT, NC US","2024-06-04","0.73","0.0","0.0",,"88","70"
"USW00013881","CHARLOTTE DOUGLAS AIRPORT, NC US","2024-06-05","0.00","0.0","0.0",,"84","70"
"USW00013881","CHARLOTTE DOUGLAS AIRPORT, NC US","2024-06-06","0.02","0.0","0.0",,"89","70"
"USW00013881","CHARLOTTE DOUGLAS AIRPORT, NC US","2024-06-07","0.00","0.0","0.0",,"89","69"
"USW00013881","CHARLOTTE DOUGLAS AIRPORT, NC US","2024-06-08","0.00","0.0","0.0",,"86","60"
"USW00013881","CHARLOTTE DOUGLAS AIRPORT, NC US","2024-06-09","0.04","0.0","0.0",,"88","67"
"USW00013881","CHARLOTTE DOUGLAS AIRPORT, NC US","2024-06-10","0.00","0.0","0.0",,"85","68"
"USW00013881","CHARLOTTE DOUGLAS AIRPORT, NC US","2024-06-11","0.00","0.0","0.0",,"86","65"
"USW00013881","CHARLOTTE DOUGLAS AIRPORT, NC US","2024-06-12","0.00","0.0","0.0",,"88","65"
"USW00013881","CHARLOTTE DOUGLAS AIRPORT, NC US","2024-06-13","0.00","0.0","0.0",,"90","68"
"USW00013881","CHARLOTTE DOUGLAS AIRPORT, NC US","2024-06-14","0.00","0.0","0.0",,"93","68"
"USW00013881","CHARLOTTE DOUGLAS AIRPORT, NC US","2024-06-15","0.00","0.0","0.0",,"92","72"
"USW00013881","CHARLOTTE DOUGLAS AIRPORT, NC US","2024-06-16","0.12","0.0","0.0",,"90","74"
"USW00013881","CHARLOTTE DOUGLAS AIRPORT, NC US","2024-06-17","0.00","0.0","0.0",,"89","74"
"USW00013881","CHARLOTTE DOUGLAS AIRPORT, NC US","2024-06-18","0.00","0.0","0.0",,"88","71"
"USW00013881","CHARLOTTE DOUGLAS AIRPORT, NC US","2024-06-19","0.00","0.0","0.0",,"88","70"
"USW00013881","CHARLOTTE DOUGLAS AIRPORT, NC US","2024-06-20","0.00","0.0","0.0",,"89","67"
"USW00013881","CHARLOTTE DOUGLAS AIRPORT, NC US","2024-06-21","0.00","0.0","0.0",,"91","67"
"USW00013881","CHARLOTTE DOUGLAS AIRPORT, NC US","2024-06-22","0.00","0.0","0.0",,"94","72"
"USW00013881","CHARLOTTE DOUGLAS AIRPORT, NC US","2024-06-23","0.00","0.0","0.0",,"95","75"
"USW00013881","CHARLOTTE DOUGLAS AIRPORT, NC US","2024-06-24","0.00","0.0","0.0",,"97","78"
"USW00013881","CHARLOTTE DOUGLAS AIRPORT, NC US","2024-06-25","0.00","0.0","0.0",,"96","72"
"USW00013881","CHARLOTTE DOUGLAS AIRPORT, NC US","2024-06-26","0.00","0.0","0.0",,"99","75"
"USW00013881","CHARLOTTE DOUGLAS AIRPORT, NC US","2024-06-27","0.02","0.0","0.0",,"85","75"
"USW00013881","CHARLOTTE DOUGLAS AIRPORT, NC US","2024-06-28","0.00","0.0","0.0",,"93","71"
"USW00013881","CHARLOTTE DOUGLAS AIRPORT, NC US","2024-06-29","0.00","0.0","0.0",,"95","76"
"USW00013881","CHARLOTTE DOUGLAS AIRPORT, NC US","2024-06-30","0.38","0.0","0.0",,"98","74"
"USW00013881","CHARLOTTE DOUGLAS AIRPORT, NC US","2024-07-01","0.00","0.0","0.0",,"89","72"
"USW00013881","CHARLOTTE DOUGLAS AIRPORT, NC US","2024-07-02","0.00","0.0","0.0",,"87","66"
"USW00013881","CHARLOTTE DOUGLAS AIRPORT, NC US","2024-07-03","0.00","0.0","0.0",,"91","70"
"USW00013881","CHARLOTTE DOUGLAS AIRPORT, NC US","2024-07-04","0.00","0.0","0.0",,"96","75"
"USW00013881","CHARLOTTE DOUGLAS AIRPORT, NC US","2024-07-05","0.05","0.0","0.0",,"101","78"
"USW00013881","CHARLOTTE DOUGLAS AIRPORT, NC US","2024-07-06","0.36","0.0","0.0",,"99","76"
"USW00013881","CHARLOTTE DOUGLAS AIRPORT, NC US","2024-07-07","1.35","0.0","0.0",,"93","75"
"USW00013881","CHARLOTTE DOUGLAS AIRPORT, NC US","2024-07-08","0.02","0.0","0.0",,"92","75"
"USW00013881","CHARLOTTE DOUGLAS AIRPORT, NC US","2024-07-09","0.00","0.0","0.0",,"95","77"
"USW00013881","CHARLOTTE DOUGLAS AIRPORT, NC US","2024-07-10","0.00","0.0","0.0",,"95","78"
"USW00013881","CHARLOTTE DOUGLAS AIRPORT, NC US","2024-07-11","0.00","0.0","0.0",,"91","71"
"USW00013881","CHARLOTTE DOUGLAS AIRPORT, NC US","2024-07-12","0.03","0.0","0.0",,"87","74"
"USW00013881","CHARLOTTE DOUGLAS AIRPORT, NC US","2024-07-13","0.00","0.0","0.0",,"95","71"
"USW00013881","CHARLOTTE DOUGLAS AIRPORT, NC US","2024-07-14","0.00","0.0","0.0",,"98","76"
"USW00013881","CHARLOTTE DOUGLAS AIRPORT, NC US","2024-07-15","0.04","0.0","0.0",,"97","76"
"USW00013881","CHARLOTTE DOUGLAS AIRPORT, NC US","2024-07-16","0.00","0.0","0.0",,"97","75"
"USW00013881","CHARLOTTE DOUGLAS AIRPORT, NC US","2024-07-17","0.00","0.0","0.0",,"96","75"
"USW00013881","CHARLOTTE DOUGLAS AIRPORT, NC US","2024-07-18","0.09","0.0","0.0",,"93","73"
"USW00013881","CHARLOTTE DOUGLAS AIRPORT, NC US","2024-07-19","0.38","0.0","0.0",,"84","72"
"USW00013881","CHARLOTTE DOUGLAS AIRPORT, NC US","2024-07-20","0.08","0.0","0.0",,"86","72"
"USW00013881","CHARLOTTE DOUGLAS AIRPORT, NC US","2024-07-21","1.26","0.0","0.0",,"88","72"
"USW00013881","CHARLOTTE DOUGLAS AIRPORT, NC US","2024-07-22","0.04","0.0","0.0",,"88","72"
"USW00013881","CHARLOTTE DOUGLAS AIRPORT, NC US","2024-07-23","0.49","0.0","0.0",,"90","73"
"USW00013881","CHARLOTTE DOUGLAS AIRPORT, NC US","2024-07-24","0.00","0.0","0.0",,"89","73"
"USW00013881","CHARLOTTE DOUGLAS AIRPORT, NC US","2024-07-25","0.36","0.0","0.0",,"85","74"
"USW00013881","CHARLOTTE DOUGLAS AIRPORT, NC US","2024-07-26","0.01","0.0","0.0",,"86","74"
"USW00013881","CHARLOTTE DOUGLAS AIRPORT, NC US","2024-07-27","0.00","0.0","0.0",,"87","71"
"USW00013881","CHARLOTTE DOUGLAS AIRPORT, NC US","2024-07-28","0.07","0.0","0.0",,"88","69"
"USW00013881","CHARLOTTE DOUGLAS AIRPORT, NC US","2024-07-29","0.15","0.0","0.0",,"88","73"
"USW00013881","CHARLOTTE DOUGLAS AIRPORT, NC US","2024-07-30","0.46","0.0","0.0",,"88","71"
"USW00013881","CHARLOTTE DOUGLAS AIRPORT, NC US","2024-07-31","0.00","0.0","0.0",,"92","71"
"USW00013881","CHARLOTTE DOUGLAS AIRPORT, NC US","2024-08-01","0.00","0.0","0.0",,"95","74"
"USW00013881","CHARLOTTE DOUGLAS AIRPORT, NC US","2024-08-02","0.09","0.0","0.0",,"94","74"
"USW00013881","CHARLOTTE DOUGLAS AIRPORT, NC US","2024-08-03","0.18","0.0","0.0",,"91","74"
"USW00013881","CHARLOTTE DOUGLAS AIRPORT, NC US","2024-08-04","0.00","0.0","0.0",,"90","72"
"USW00013881","CHARLOTTE DOUGLAS AIRPORT, NC US","2024-08-05","0.00","0.0","0.0",,"90","73"
"USW00013881","CHARLOTTE DOUGLAS AIRPORT, NC US","2024-08-06","0.00","0.0","0.0",,"82","74"
"USW00013881","CHARLOTTE DOUGLAS AIRPORT, NC US","2024-08-07","0.04","0.0","0.0",,"87","74"
"USW00013881","CHARLOTTE DOUGLAS AIRPORT, NC US","2024-08-08","4.24","0.0","0.0",,"77","71"
"USW00013881","CHARLOTTE DOUGLAS AIRPORT, NC US","2024-08-09","0.00","0.0","0.0",,"93","71"
"USW00013881","CHARLOTTE DOUGLAS AIRPORT, NC US","2024-08-10","0.09","0.0","0.0",,"92","74"
"USW00013881","CHARLOTTE DOUGLAS AIRPORT, NC US","2024-08-11","0.26","0.0","0.0",,"89","74"
"USW00013881","CHARLOTTE DOUGLAS AIRPORT, NC US","2024-08-12","0.31","0.0","0.0",,"88","73"
"USW00013881","CHARLOTTE DOUGLAS AIRPORT, NC US","2024-08-13","0.19","0.0","0.0",,"79","71"
"USW00013881","CHARLOTTE DOUGLAS AIRPORT, NC US","2024-08-14","0.00","0.0","0.0",,"87","67"
"USW00013881","CHARLOTTE DOUGLAS AIRPORT, NC US","2024-08-15","0.00","0.0","0.0",,"88","68"
"USW00013881","CHARLOTTE DOUGLAS AIRPORT, NC US","2024-08-16","0.17","0.0","0.0",,"89","69"
"USW00013881","CHARLOTTE DOUGLAS AIRPORT, NC US","2024-08-17","0.01","0.0","0.0",,"91","72"
"USW00013881","CHARLOTTE DOUGLAS AIRPORT, NC US","2024-08-18","0.00","0.0","0.0",,"90","70"
"USW00013881","CHARLOTTE DOUGLAS AIRPORT, NC US","2024-08-19","0.92","0.0","0.0",,"88","68"
"USW00013881","CHARLOTTE DOUGLAS AIRPORT, NC US","2024-08-20","0.00","0.0","0.0",,"83","66"
"USW00013881","CHARLOTTE DOUGLAS AIRPORT, NC US","2024-08-21","0.00","0.0","0.0",,"80","60"
"USW00013881","CHARLOTTE DOUGLAS AIRPORT, NC US","2024-08-22","0.00","0.0","0.0",,"81","59"
"USW00013881","CHARLOTTE DOUGLAS AIRPORT, NC US","2024-08-23","0.00","0.0","0.0",,"83","57"
"USW00013881","CHARLOTTE DOUGLAS AIRPORT, NC US","2024-08-24","0.00","0.0","0.0",,"85","59"
"USW00013881","CHARLOTTE DOUGLAS AIRPORT, NC US","2024-08-25","0.00","0.0","0.0",,"88","61"
"USW00013881","CHARLOTTE DOUGLAS AIRPORT, NC US","2024-08-26","0.00","0.0","0.0",,"91","63"
"USW00013881","CHARLOTTE DOUGLAS AIRPORT, NC US","2024-08-27","0.00","0.0","0.0",,"93","66"
"USW00013881","CHARLOTTE DOUGLAS AIRPORT, NC US","2024-08-28","0.00","0.0","0.0",,"95","69"
"USW00013881","CHARLOTTE DOUGLAS AIRPORT, NC US","2024-08-29","0.00","0.0","0.0",,"99","73"
"USW00013881","CHARLOTTE DOUGLAS AIRPORT, NC US","2024-08-30","0.59","0.0","0.0",,"94","72"
"USW00013881","CHARLOTTE DOUGLAS AIRPORT, NC US","2024-08-31","0.00","0.0","0.0",,"90","70"
"USW00013881","CHARLOTTE DOUGLAS AIRPORT, NC US","2024-09-01","0.45","0.0","0.0",,"90","72"
"USW00013881","CHARLOTTE DOUGLAS AIRPORT, NC US","2024-09-02","0.00","0.0","0.0",,"88","72"
"USW00013881","CHARLOTTE DOUGLAS AIRPORT, NC US","2024-09-03","0.00","0.0","0.0",,"80","65"
"USW00013881","CHARLOTTE DOUGLAS AIRPORT, NC US","2024-09-04","0.00","0.0","0.0",,"78","58"
"USW00013881","CHARLOTTE DOUGLAS AIRPORT, NC US","2024-09-05","0.00","0.0","0.0",,"80","64"
"USW00013881","CHARLOTTE DOUGLAS AIRPORT, NC US","2024-09-06","0.00","0.0","0.0",,"82","60"
"USW00013881","CHARLOTTE DOUGLAS AIRPORT, NC US","2024-09-07","0.00","0.0","0.0",,"86","67"
"USW00013881","CHARLOTTE DOUGLAS AIRPORT, NC US","2024-09-08","0.00","0.0","0.0",,"77","59"
"USW00013881","CHARLOTTE DOUGLAS AIRPORT, NC US","2024-09-09","0.00","0.0","0.0",,"82","56"
"USW00013881","CHARLOTTE DOUGLAS AIRPORT, NC US","2024-09-10","0.00","0.0","0.0",,"86","58"
"USW00013881","CHARLOTTE DOUGLAS AIRPORT, NC US","2024-09-11","0.00","0.0","0.0",,"82","60"
"USW00013881","CHARLOTTE DOUGLAS AIRPORT, NC US","2024-09-12","0.00","0.0","0.0",,"80","65"
"USW00013881","CHARLOTTE DOUGLAS AIRPORT, NC US","2024-09-13","0.00","0.0","0.0",,"82","69"
"USW00013881","CHARLOTTE DOUGLAS AIRPORT, NC US","2024-09-14","0.00","0.0","0.0",,"85","72"
"USW00013881","CHARLOTTE DOUGLAS AIRPORT, NC US","2024-09-15","0.00","0.0","0.0",,"82","69"
"USW00013881","CHARLOTTE DOUGLAS AIRPORT, NC US","2024-09-16","2.92","0.0","0.0",,"71","62"
"USW00013881","CHARLOTTE DOUGLAS AIRPORT, NC US","2024-09-17","0.50","0.0","0.0",,"72","64"
"USW00013881","CHARLOTTE DOUGLAS AIRPORT, NC US","2024-09-18","0.00","0.0","0.0",,"77","67"
"USW00013881","CHARLOTTE DOUGLAS AIRPORT, NC US","2024-09-19","0.00","0.0","0.0",,"85","67"
"USW00013881","CHARLOTTE DOUGLAS AIRPORT, NC US","2024-09-20","0.00","0.0","0.0",,"88","66"
"USW00013881","CHARLOTTE DOUGLAS AIRPORT, NC US","2024-09-21","0.00","0.0","0.0",,"87","67"
"USW00013881","CHARLOTTE DOUGLAS AIRPORT, NC US","2024-09-22","0.00","0.0","0.0",,"92","69"
"USW00013881","CHARLOTTE DOUGLAS AIRPORT, NC US","2024-09-23","0.00","0.0","0.0",,"78","70"
"USW00013881","CHARLOTTE DOUGLAS AIRPORT, NC US","2024-09-24","0.10","0.0","0.0",,"85","71"
"USW00013881","CHARLOTTE DOUGLAS AIRPORT, NC US","2024-09-25","0.01","0.0","0.0",,"87","70"
"USW00013881","CHARLOTTE DOUGLAS AIRPORT, NC US","2024-09-26","4.26","0.0","0.0",,"75","70"
"USW00013881","CHARLOTTE DOUGLAS AIRPORT, NC US","2024-09-27","1.24","0.0","0.0",,"81","69"
"USW00013881","CHARLOTTE DOUGLAS AIRPORT, NC US","2024-09-28","0.00","0.0","0.0",,"83","65"
"USW00013881","CHARLOTTE DOUGLAS AIRPORT, NC US","2024-09-29","0.01","0.0","0.0",,"81","70"
"USW00013881","CHARLOTTE DOUGLAS AIRPORT, NC US","2024-09-30","0.00","0.0","0.0",,"82","66"
"USW00013881","CHARLOTTE DOUGLAS AIRPORT, NC US","2024-10-01","0.00","0.0","0.0",,"84","65"
"USW00013881","CHARLOTTE DOUGLAS AIRPORT, NC US","2024-10-02","0.01","0.0","0.0",,"85","68"
"USW00013881","CHARLOTTE DOUGLAS AIRPORT, NC US","2024-10-03","0.00","0.0","0.0",,"85","64"
"USW00013881","CHARLOTTE DOUGLAS AIRPORT, NC US","2024-10-04","0.00","0.0","0.0",,"81","66"
"USW00013881","CHARLOTTE DOUGLAS AIRPORT, NC US","2024-10-05","0.00","0.0","0.0",,"85","64"
"USW00013881","CHARLOTTE DOUGLAS AIRPORT, NC US","2024-10-06","0.00","0.0","0.0",,"81","61"
"USW00013881","CHARLOTTE DOUGLAS AIRPORT, NC US","2024-10-07","0.00","0.0","0.0",,"87","63"
"USW00013881","CHARLOTTE DOUGLAS AIRPORT, NC US","2024-10-08","0.00","0.0","0.0",,"77","58"
"USW00013881","CHARLOTTE DOUGLAS AIRPORT, NC US","2024-10-09","0.00","0.0","0.0",,"77","54"
"USW00013881","CHARLOTTE DOUGLAS AIRPORT, NC US","2024-10-10","0.00","0.0","0.0",,"73","52"
"USW00013881","CHARLOTTE DOUGLAS AIRPORT, NC US","2024-10-11","0.00","0.0","0.0",,"72","46"
"USW00013881","CHARLOTTE DOUGLAS AIRPORT, NC US","2024-10-12","0.00","0.0","0.0",,"77","45"
"USW00013881","CHARLOTTE DOUGLAS AIRPORT, NC US","2024-10-13","0.00","0.0","0.0",,"81","49"
"USW00013881","CHARLOTTE DOUGLAS AIRPORT, NC US","2024-10-14","0.00","0.0","0.0",,"76","51"
"USW00013881","CHARLOTTE DOUGLAS AIRPORT, NC US","2024-10-15","0.00","0.0","0.0",,"65","44"
"USW00013881","CHARLOTTE DOUGLAS AIRPORT, NC US","2024-10-16","0.00","0.0","0.0",,"61","42"
"USW00013881","CHARLOTTE DOUGLAS AIRPORT, NC US","2024-10-17","0.00","0.0","0.0",,"64","39"
"USW00013881","CHARLOTTE DOUGLAS AIRPORT, NC US","2024-10-18","0.00","0.0","0.0",,"71","39"
"USW00013881","CHARLOTTE DOUGLAS AIRPORT, NC US","2024-10-19","0.00","0.0","0.0",,"74","41"
"USW00013881","CHARLOTTE DOUGLAS AIRPORT, NC US","2024-10-20","0.00","0.0","0.0",,"78","43"
"USW00013881","CHARLOTTE DOUGLAS AIRPORT, NC US","2024-10-21","0.00","0.0","0.0",,"80","45"
"USW00013881","CHARLOTTE DOUGLAS AIRPORT, NC US","2024-10-22","0.00","0.0","0.0",,"79","48"
"USW00013881","CHARLOTTE DOUGLAS AIRPORT, NC US","2024-10-23","0.00","0.0","0.0",,"80","51"
"USW00013881","CHARLOTTE DOUGLAS AIRPORT, NC US","2024-10-24","0.00","0.0","0.0",,"79","52"
"USW00013881","CHARLOTTE DOUGLAS AIRPORT, NC US","2024-10-25","0.00","0.0","0.0",,"78","47"
"USW00013881","CHARLOTTE DOUGLAS AIRPORT, NC US","2024-10-26","0.19","0.0","0.0",,"85","53"
"USW00013881","CHARLOTTE DOUGLAS AIRPORT, NC US","2024-10-27","0.00","0.0","0.0",,"63","52"
"USW00013881","CHARLOTTE DOUGLAS AIRPORT, NC US","2024-10-28","0.00","0.0","0.0",,"68","50"
"USW00013881","CHARLOTTE DOUGLAS AIRPORT, NC US","2024-10-29","0.00","0.0","0.0",,"70","46"
"USW00013881","CHARLOTTE DOUGLAS AIRPORT, NC US","2024-10-30","0.00","0.0","0.0",,"80","58"
"USW00013881","CHARLOTTE DOUGLAS AIRPORT, NC US","2024-10-31","0.00","0.0","0.0",,"80","55"
"USW00013881","CHARLOTTE DOUGLAS AIRPORT, NC US","2024-11-01","0.00","0.0","0.0",,"74","62"
"USW00013881","CHARLOTTE DOUGLAS AIRPORT, NC US","2024-11-02","0.00","0.0","0.0",,"76","61"
"USW00013881","CHARLOTTE DOUGLAS AIRPORT, NC US","2024-11-03","0.00","0.0","0.0",,"68","53"
"USW00013881","CHARLOTTE DOUGLAS AIRPORT, NC US","2024-11-04","0.00","0.0","0.0",,"69","56"
"USW00013881","CHARLOTTE DOUGLAS AIRPORT, NC US","2024-11-05","0.25","0.0","0.0",,"70","58"
"USW00013881","CHARLOTTE DOUGLAS AIRPORT, NC US","2024-11-06","0.17","0.0","0.0",,"76","66"
"USW00013881","CHARLOTTE DOUGLAS AIRPORT, NC US","2024-11-07","0.05","0.0","0.0",,"76","66"
"USW00013881","CHARLOTTE DOUGLAS AIRPORT, NC US","2024-11-08","0.00","0.0","0.0",,"82","67"
"USW00013881","CHARLOTTE DOUGLAS AIRPORT, NC US","2024-11-09","0.00","0.0","0.0",,"71","57"
"USW00013881","CHARLOTTE DOUGLAS AIRPORT, NC US","2024-11-10","0.26","0.0","0.0",,"63","50"
"USW00013881","CHARLOTTE DOUGLAS AIRPORT, NC US","2024-11-11","0.00","0.0","0.0",,"68","53"
"USW00013881","CHARLOTTE DOUGLAS AIRPORT, NC US","2024-11-12","0.00","0.0","0.0",,"70","49"
"USW00013881","CHARLOTTE DOUGLAS AIRPORT, NC US","2024-11-13","0.00","0.0","0.0",,"59","44"
"USW00013881","CHARLOTTE DOUGLAS AIRPORT, NC US","2024-11-14","0.97","0.0","0.0",,"50","45"
"USW00013881","CHARLOTTE DOUGLAS AIRPORT, NC US","2024-11-15","0.00","0.0","0.0",,"68","41"
"USW00013881","CHARLOTTE DOUGLAS AIRPORT, NC US","2024-11-16","0.00","0.0","0.0",,"68","40"
"USW00013881","CHARLOTTE DOUGLAS AIRPORT, NC US","2024-11-17","0.00","0.0","0.0",,"69","39"
"USW00013881","CHARLOTTE DOUGLAS AIRPORT, NC US","2024-11-18","0.00","0.0","0.0",,"73","46"
"USW00013881","CHARLOTTE DOUGLAS AIRPORT, NC US","2024-11-19","0.00","0.0","0.0",,"66","46"
"USW00013881","CHARLOTTE DOUGLAS AIRPORT, NC US","2024-11-20","0.39","0.0","0.0",,"65","49"
"USW00013881","CHARLOTTE DOUGLAS AIRPORT, NC US","2024-11-21","0.00","0.0","0.0",,"57","39"
"USW00013881","CHARLOTTE DOUGLAS AIRPORT, NC US","2024-11-22","0.00","0.0","0.0",,"53","35"
"USW00013881","CHARLOTTE DOUGLAS AIRPORT, NC US","2024-11-23","0.00","0.0","0.0",,"62","39"
"USW00013881","CHARLOTTE DOUGLAS AIRPORT, NC US","2024-11-24","0.00","0.0","0.0",,"67","34"
"USW00013881","CHARLOTTE DOUGLAS AIRPORT, NC US","2024-11-25","0.00","0.0","0.0",,"70","36"
"USW00013881","CHARLOTTE DOUGLAS AIRPORT, NC US","2024-11-26","0.03","0.0","0.0",,"70","41"
"USW00013881","CHARLOTTE DOUGLAS AIRPORT, NC US","2024-11-27","0.00","0.0","0.0",,"63","37"
"USW00013881","CHARLOTTE DOUGLAS AIRPORT, NC US","2024-11-28","0.15","0.0","0.0",,"68","42"
"USW00013881","CHARLOTTE DOUGLAS AIRPORT, NC US","2024-11-29","0.00","0.0","0.0",,"53","32"
"USW00013881","CHARLOTTE DOUGLAS AIRPORT, NC US","2024-11-30","0.00","0.0","0.0",,"50","24"
"USW00013881","CHARLOTTE DOUGLAS AIRPORT, NC US","2024-12-01","0.00","0.0","0.0",,"53","27"
"USW00013881","CHARLOTTE DOUGLAS AIRPORT, NC US","2024-12-02","0.00","0.0","0.0",,"48","26"
"USW00013881","CHARLOTTE DOUGLAS AIRPORT, NC US","2024-12-03","0.00","0.0","0.0",,"43","27"
"USW00013881","CHARLOTTE DOUGLAS AIRPORT, NC US","2024-12-04","0.00","0.0","0.0",,"51","22"
"USW00013881","CHARLOTTE DOUGLAS AIRPORT, NC US","2024-12-05","0.00","0.0","0.0",,"61","31"
"USW00013881","CHARLOTTE DOUGLAS AIRPORT, NC US","2024-12-06","0.00","0.0","0.0",,"43","22"
"USW00013881","CHARLOTTE DOUGLAS AIRPORT, NC US","2024-12-07","0.00","0.0","0.0",,"51","20"
"USW00013881","CHARLOTTE DOUGLAS AIRPORT, NC US","2024-12-08","0.00","0.0","0.0",,"67","32"
"USW00013881","CHARLOTTE DOUGLAS AIRPORT, NC US","2024-12-09","0.42","0.0","0.0",,"53","47"
"USW00013881","CHARLOTTE DOUGLAS AIRPORT, NC US","2024-12-10","0.56","0.0","0.0",,"67","52"
"USW00013881","CHARLOTTE DOUGLAS AIRPORT, NC US","2024-12-11","1.36","0.0","0.0",,"63","34"
"USW00013881","CHARLOTTE DOUGLAS AIRPORT, NC US","2024-12-12","0.00","0.0","0.0",,"53","29"
"USW00013881","CHARLOTTE DOUGLAS AIRPORT, NC US","2024-12-13","0.00","0.0","0.0",,"59","29"
"USW00013881","CHARLOTTE DOUGLAS AIRPORT, NC US","2024-12-14","0.00","0.0","0.0",,"51","35"
"USW00013881","CHARLOTTE DOUGLAS AIRPORT, NC US","2024-12-15","0.03","0.0","0.0",,"47","38"
"USW00013881","CHARLOTTE DOUGLAS AIRPORT, NC US","2024-12-16","0.01","0.0","0.0",,"55","40"
"USW00013881","CHARLOTTE DOUGLAS AIRPORT, NC US","2024-12-17","0.00","0.0","0.0",,"68","45"
"USW00013881","CHARLOTTE DOUGLAS AIRPORT, NC US","2024-12-18","0.00","0.0","0.0",,"71","51"
"USW00013881","CHARLOTTE DOUGLAS AIRPORT, NC US","2024-12-19","0.00","0.0","0.0",,"59","47"
"USW00013881","CHARLOTTE DOUGLAS AIRPORT, NC US","2024-12-20","0.02","0.0","0.0",,"56","37"
"USW00013881","CHARLOTTE DOUGLAS AIRPORT, NC US","2024-12-21","0.00","0.0","0.0",,"50","32"
"USW00013881","CHARLOTTE DOUGLAS AIRPORT, NC US","2024-12-22","0.00","0.0","0.0",,"43","28"
"USW00013881","CHARLOTTE DOUGLAS AIRPORT, NC US","2024-12-23","0.00","0.0","0.0",,"45","24"
"USW00013881","CHARLOTTE DOUGLAS AIRPORT, NC US","2024-12-24","0.00","0.0","0.0",,"57","25"
"USW00013881","CHARLOTTE DOUGLAS AIRPORT, NC US","2024-12-25","0.00","0.0","0.0",,"56","32"
"USW00013881","CHARLOTTE DOUGLAS AIRPORT, NC US","2024-12-26","0.00","0.0","0.0",,"51","37"
"USW00013881","CHARLOTTE DOUGLAS AIRPORT, NC US","2024-12-27","0.02","0.0","0.0",,"45","42"
"USW00013881","CHARLOTTE DOUGLAS AIRPORT, NC US","2024-12-28","0.33","0.0","0.0",,"52","41"
"USW00013881","CHARLOTTE DOUGLAS AIRPORT, NC US","2024-12-29","0.22","0.0","0.0",,"64","50"
"USW00013881","CHARLOTTE DOUGLAS AIRPORT, NC US","2024-12-30","0.00","0.0","0.0",,"66","44"
"USW00013881","CHARLOTTE DOUGLAS AIRPORT, NC US","2024-12-31","0.00","0.0","0.0",,"62","43"
"USW00013881","CHARLOTTE DOUGLAS AIRPORT, NC US","2025-01-01","0.00","0.0","0.0",,"56","38"
"USW00013881","CHARLOTTE DOUGLAS AIRPORT, NC US","2025-01-02","0.00","0.0","0.0",,"49","29"
"USW00013881","CHARLOTTE DOUGLAS AIRPORT, NC US","2025-01-03","0.00","0.0","0.0",,"53","28"
"USW00013881","CHARLOTTE DOUGLAS AIRPORT, NC US","2025-01-04","0.00","0.0","0.0",,"44","28"
"USW00013881","CHARLOTTE DOUGLAS AIRPORT, NC US","2025-01-05","0.01","0.0","0.0",,"42","23"
"USW00013881","CHARLOTTE DOUGLAS AIRPORT, NC US","2025-01-06","0.38","0.0","0.0",,"42","32"
"USW00013881","CHARLOTTE DOUGLAS AIRPORT, NC US","2025-01-07","0.00","0.0","0.0",,"46","26"
"USW00013881","CHARLOTTE DOUGLAS AIRPORT, NC US","2025-01-08","0.00","0.0","0.0",,"43","21"
"USW00013881","CHARLOTTE DOUGLAS AIRPORT, NC US","2025-01-09","0.00","0.0","0.0",,"40","22"
"USW00013881","CHARLOTTE DOUGLAS AIRPORT, NC US","2025-01-10","0.35","0.5","0.0",,"34","23"
"USW00013881","CHARLOTTE DOUGLAS AIRPORT, NC US","2025-01-11","0.04","0.0","0.0",,"43","28"
"USW00013881","CHARLOTTE DOUGLAS AIRPORT, NC US","2025-01-12","0.00","0.0","0.0",,"44","22"
"USW00013881","CHARLOTTE DOUGLAS AIRPORT, NC US","2025-01-13","0.00","0.0","0.0",,"54","30"
"USW00013881","CHARLOTTE DOUGLAS AIRPORT, NC US","2025-01-14","0.00","0.0","0.0",,"51","30"
"USW00013881","CHARLOTTE DOUGLAS AIRPORT, NC US","2025-01-15","0.00","0.0","0.0",,"46","26"
"USW00013881","CHARLOTTE DOUGLAS AIRPORT, NC US","2025-01-16","0.00","0.0","0.0",,"54","23"
"USW00013881","CHARLOTTE DOUGLAS AIRPORT, NC US","2025-01-17","0.00","0.0","0.0",,"55","29"
"USW00013881","CHARLOTTE DOUGLAS AIRPORT, NC US","2025-01-18","0.04","0.0","0.0",,"51","41"
"USW00013881","CHARLOTTE DOUGLAS AIRPORT, NC US","2025-01-19","0.11","0.0","0.0",,"59","31"
"USW00013881","CHARLOTTE DOUGLAS AIRPORT, NC US","2025-01-20","0.00","0.0","0.0",,"37","24"
"USW00013881","CHARLOTTE DOUGLAS AIRPORT, NC US","2025-01-21","0.02","0.3","0.0",,"27","20"
"USW00013881","CHARLOTTE DOUGLAS AIRPORT, NC US","2025-01-22","0.00","0.0","0.0",,"32","18"
"USW00013881","CHARLOTTE DOUGLAS AIRPORT, NC US","2025-01-23","0.00","0.0","0.0",,"39","19"
"USW00013881","CHARLOTTE DOUGLAS AIRPORT, NC US","2025-01-24","0.00","0.0","0.0",,"45","20"
"USW00013881","CHARLOTTE DOUGLAS AIRPORT, NC US","2025-01-25","0.00","0.0","0.0",,"52","20"
"USW00013881","CHARLOTTE DOUGLAS AIRPORT, NC US","2025-01-26","0.00","0.0","0.0",,"54","27"
"USW00013881","CHARLOTTE DOUGLAS AIRPORT, NC US","2025-01-27","0.14","0.0","0.0",,"48","40"
"USW00013881","CHARLOTTE DOUGLAS AIRPORT, NC US","2025-01-28","0.00","0.0","0.0",,"60","33"
"USW00013881","CHARLOTTE DOUGLAS AIRPORT, NC US","2025-01-29","0.00","0.0","0.0",,"70","39"
"USW00013881","CHARLOTTE DOUGLAS AIRPORT, NC US","2025-01-30","0.00","0.0","0.0",,"62","37"
"USW00013881","CHARLOTTE DOUGLAS AIRPORT, NC US","2025-01-31","0.50","0.0","0.0",,"69","48"
"USW00013881","CHARLOTTE DOUGLAS AIRPORT, NC US","2025-02-01","0.00","0.0","0.0",,"65","41"
"USW00013881","CHARLOTTE DOUGLAS AIRPORT, NC US","2025-02-02","0.00","0.0","0.0",,"60","43"
"USW00013881","CHARLOTTE DOUGLAS AIRPORT, NC US","2025-02-03","0.00","0.0","0.0",,"69","35"
"USW00013881","CHARLOTTE DOUGLAS AIRPORT, NC US","2025-02-04","0.00","0.0","0.0",,"80","52"
"USW00013881","CHARLOTTE DOUGLAS AIRPORT, NC US","2025-02-05","0.00","0.0","0.0",,"58","46"
"USW00013881","CHARLOTTE DOUGLAS AIRPORT, NC US","2025-02-06","0.00","0.0","0.0",,"70","46"
"USW00013881","CHARLOTTE DOUGLAS AIRPORT, NC US","2025-02-07","0.02","0.0","0.0",,"75","58"
"USW00013881","CHARLOTTE DOUGLAS AIRPORT, NC US","2025-02-08","0.01","0.0","0.0",,"62","51"
"USW00013881","CHARLOTTE DOUGLAS AIRPORT, NC US","2025-02-09","0.10","0.0","0.0",,"80","53"
"USW00013881","CHARLOTTE DOUGLAS AIRPORT, NC US","2025-02-10","0.00","0.0","0.0",,"53","40"
"USW00013881","CHARLOTTE DOUGLAS AIRPORT, NC US","2025-02-11","0.21","0.0","0.0",,"42","35"
"USW00013881","CHARLOTTE DOUGLAS AIRPORT, NC US","2025-02-12","1.52","0.0","0.0",,"39","35"
"USW00013881","CHARLOTTE DOUGLAS AIRPORT, NC US","2025-02-13","0.54","0.0","0.0",,"53","37"
"USW00013881","CHARLOTTE DOUGLAS AIRPORT, NC US","2025-02-14","0.00","0.0","0.0",,"51","33"
"USW00013881","CHARLOTTE DOUGLAS AIRPORT, NC US","2025-02-15","0.27","0.0","0.0",,"44","39"
"USW00013881","CHARLOTTE DOUGLAS AIRPORT, NC US","2025-02-16","0.40","0.0","0.0",,"69","37"
"USW00013881","CHARLOTTE DOUGLAS AIRPORT, NC US","2025-02-17","0.00","0.0","0.0",,"50","30"
"USW00013881","CHARLOTTE DOUGLAS AIRPORT, NC US","2025-02-18","0.00","0.0","0.0",,"54","28"
"USW00013881","CHARLOTTE DOUGLAS AIRPORT, NC US","2025-02-19","0.01","0.2","0.0",,"42","30"
"USW00013881","CHARLOTTE DOUGLAS AIRPORT, NC US","2025-02-20","0.02","0.2","0.0",,"40","23"
"USW00013881","CHARLOTTE DOUGLAS AIRPORT, NC US","2025-02-21","0.00","0.0","0.0",,"49","19"
"USW00013881","CHARLOTTE DOUGLAS AIRPORT, NC US","2025-02-22","0.00","0.0","0.0",,"53","23"
"USW00013881","CHARLOTTE DOUGLAS AIRPORT, NC US","2025-02-23","0.00","0.0","0.0",,"57","29"
"USW00013881","CHARLOTTE DOUGLAS AIRPORT, NC US","2025-02-24","0.00","0.0","0.0",,"65","31"
"USW00013881","CHARLOTTE DOUGLAS AIRPORT, NC US","2025-02-25","0.00","0.0","0.0",,"74","36"
"USW00013881","CHARLOTTE DOUGLAS AIRPORT, NC US","2025-02-26","0.00","0.0","0.0",,"75","40"
"USW00013881","CHARLOTTE DOUGLAS AIRPORT, NC US","2025-02-27","0.00","0.0","0.0",,"75","50"
"USW00013881","CHARLOTTE DOUGLAS AIRPORT, NC US","2025-02-28","0.00","0.0","0.0",,"67","42"
"USW00013881","CHARLOTTE DOUGLAS AIRPORT, NC US","2025-03-01","0.00","0.0","0.0",,"74","47"
"USW00013881","CHARLOTTE DOUGLAS AIRPORT, NC US","2025-03-02","0.00","0.0","0.0",,"51","33"
"USW00013881","CHARLOTTE DOUGLAS AIRPORT, NC US","2025-03-03","0.00","0.0","0.0",,"59","29"
"USW00013881","CHARLOTTE DOUGLAS AIRPORT, NC US","2025-03-04","0.00","0.0","0.0",,"67","36"
"USW00013881","CHARLOTTE DOUGLAS AIRPORT, NC US","2025-03-05","0.84","0.0","0.0",,"68","50"
"USW00013881","CHARLOTTE DOUGLAS AIRPORT, NC US","2025-03-06","0.00","0.0","0.0",,"54","39"
"USW00013881","CHARLOTTE DOUGLAS AIRPORT, NC US","2025-03-07","0.00","0.0","0.0",,"56","32"
"USW00013881","CHARLOTTE DOUGLAS AIRPORT, NC US","2025-03-08","0.00","0.0","0.0",,"76","48"
"USW00013881","CHARLOTTE DOUGLAS AIRPORT, NC US","2025-03-09","0.00","0.0","0.0",,"58","45"
"USW00013881","CHARLOTTE DOUGLAS AIRPORT, NC US","2025-03-10","0.18","0.0","0.0",,"55","42"
"USW00013881","CHARLOTTE DOUGLAS AIRPORT, NC US","2025-03-11","0.00","0.0","0.0",,"74","37"
"USW00013881","CHARLOTTE DOUGLAS AIRPORT, NC US","2025-03-12","0.00","0.0","0.0",,"79","42"
"USW00013881","CHARLOTTE DOUGLAS AIRPORT, NC US","2025-03-13","0.00","0.0","0.0",,"76","50"
"USW00013881","CHARLOTTE DOUGLAS AIRPORT, NC US","2025-03-14","0.00","0.0","0.0",,"75","49"
"USW00013881","CHARLOTTE DOUGLAS AIRPORT, NC US","2025-03-15","0.00","0.0","0.0",,"72","55"
"USW00013881","CHARLOTTE DOUGLAS AIRPORT, NC US","2025-03-16","0.62","0.0","0.0",,"77","63"
"USW00013881","CHARLOTTE DOUGLAS AIRPORT, NC US","2025-03-17","0.00","0.0","0.0",,"63","44"
"USW00013881","CHARLOTTE DOUGLAS AIRPORT, NC US","2025-03-18","0.00","0.0","0.0",,"73","37"
"USW00013881","CHARLOTTE DOUGLAS AIRPORT, NC US","2025-03-19","0.00","0.0","0.0",,"81","38"
"USW00013881","CHARLOTTE DOUGLAS AIRPORT, NC US","2025-03-20","0.00","0.0","0.0",,"72","45"
"USW00013881","CHARLOTTE DOUGLAS AIRPORT, NC US","2025-03-21","0.00","0.0","0.0",,"65","38"
"USW00013881","CHARLOTTE DOUGLAS AIRPORT, NC US","2025-03-22","0.00","0.0","0.0",,"75","44"
"USW00013881","CHARLOTTE DOUGLAS AIRPORT, NC US","2025-03-23","0.00","0.0","0.0",,"73","39"
"USW00013881","CHARLOTTE DOUGLAS AIRPORT, NC US","2025-03-24","0.40","0.0","0.0",,"70","49"
"USW00013881","CHARLOTTE DOUGLAS AIRPORT, NC US","2025-03-25","0.00","0.0","0.0",,"76","45"
"USW00013881","CHARLOTTE DOUGLAS AIRPORT, NC US","2025-03-26","0.00","0.0","0.0",,"70","46"
"USW00013881","CHARLOTTE DOUGLAS AIRPORT, NC US","2025-03-27","0.00","0.0","0.0",,"68","40"
"USW00013881","CHARLOTTE DOUGLAS AIRPORT, NC US","2025-03-28","0.00","0.0","0.0",,"79","52"
"USW00013881","CHARLOTTE DOUGLAS AIRPORT, NC US","2025-03-29","0.00","0.0","0.0",,"77","59"
"USW00013881","CHARLOTTE DOUGLAS AIRPORT, NC US","2025-03-30","0.06","0.0","0.0",,"79","61"
"USW00013881","CHARLOTTE DOUGLAS AIRPORT, NC US","2025-03-31","0.58","0.0","0.0",,"76","62"
"USW00013881","CHARLOTTE DOUGLAS AIRPORT, NC US","2025-04-01","0.00","0.0","0.0",,"71","53"
"USW00013881","CHARLOTTE DOUGLAS AIRPORT, NC US","2025-04-02","0.00","0.0","0.0",,"75","57"
"USW00013881","CHARLOTTE DOUGLAS AIRPORT, NC US","2025-04-03","0.06","0.0","0.0",,"83","70"
"USW00013881","CHARLOTTE DOUGLAS AIRPORT, NC US","2025-04-04","0.00","0.0","0.0",,"87","70"
"USW00013881","CHARLOTTE DOUGLAS AIRPORT, NC US","2025-04-05","0.00","0.0","0.0",,"88","67"
"USW00013881","CHARLOTTE DOUGLAS AIRPORT, NC US","2025-04-06","0.01","0.0","0.0",,"81","65"
"USW00013881","CHARLOTTE DOUGLAS AIRPORT, NC US","2025-04-07","1.33","0.0","0.0",,"70","57"
"USW00013881","CHARLOTTE DOUGLAS AIRPORT, NC US","2025-04-08","0.01","0.0","0.0",,"65","45"
"USW00013881","CHARLOTTE DOUGLAS AIRPORT, NC US","2025-04-09","0.00","0.0","0.0",,"64","42"
"USW00013881","CHARLOTTE DOUGLAS AIRPORT, NC US","2025-04-10","0.78","0.0","0.0",,"68","47"
"USW00013881","CHARLOTTE DOUGLAS AIRPORT, NC US","2025-04-11","0.11","0.0","0.0",,"64","50"
"USW00013881","CHARLOTTE DOUGLAS AIRPORT, NC US","2025-04-12","0.00","0.0","0.0",,"60","43"
"USW00013881","CHARLOTTE DOUGLAS AIRPORT, NC US","2025-04-13","0.00","0.0","0.0",,"69","35"
"USW00013881","CHARLOTTE DOUGLAS AIRPORT, NC US","2025-04-14","0.00","0.0","0.0",,"85","54"
"USW00013881","CHARLOTTE DOUGLAS AIRPORT, NC US","2025-04-15","0.00","0.0","0.0",,"73","53"
"USW00013881","CHARLOTTE DOUGLAS AIRPORT, NC US","2025-04-16","0.00","0.0","0.0",,"72","48"
"USW00013881","CHARLOTTE DOUGLAS AIRPORT, NC US","2025-04-17","0.00","0.0","0.0",,"74","45"
"USW00013881","CHARLOTTE DOUGLAS AIRPORT, NC US","2025-04-18","0.00","0.0","0.0",,"81","52"
"USW00013881","CHARLOTTE DOUGLAS AIRPORT, NC US","2025-04-19","0.00","0.0","0.0",,"85","63"
"USW00013881","CHARLOTTE DOUGLAS AIRPORT, NC US","2025-04-20","0.00","0.0","0.0",,"84","64"
"USW00013881","CHARLOTTE DOUGLAS AIRPORT, NC US","2025-04-21","0.00","0.0","0.0",,"83","63"
"USW00013881","CHARLOTTE DOUGLAS AIRPORT, NC US","2025-04-22","0.05","0.0","0.0",,"79","62"
"USW00013881","CHARLOTTE DOUGLAS AIRPORT, NC US","2025-04-23","0.00","0.0","0.0",,"80","58"
"USW00013881","CHARLOTTE DOUGLAS AIRPORT, NC US","2025-04-24","0.14","0.0","0.0",,"69","64"
"USW00013881","CHARLOTTE DOUGLAS AIRPORT, NC US","2025-04-25","0.02","0.0","0.0",,"79","63"
"USW00013881","CHARLOTTE DOUGLAS AIRPORT, NC US","2025-04-26","0.01","0.0","0.0",,"82","63"
"USW00013881","CHARLOTTE DOUGLAS AIRPORT, NC US","2025-04-27","0.00","0.0","0.0",,"75","58"
"USW00013881","CHARLOTTE DOUGLAS AIRPORT, NC US","2025-04-28","0.00","0.0","0.0",,"77","56"
"USW00013881","CHARLOTTE DOUGLAS AIRPORT, NC US","2025-04-29","0.00","0.0","0.0",,"79","57"
"USW00013881","CHARLOTTE DOUGLAS AIRPORT, NC US","2025-04-30","0.00","0.0","0.0",,"87","63"
"USW00013881","CHARLOTTE DOUGLAS AIRPORT, NC US","2025-05-01","0.00","0.0","0.0",,"85","65"
"USW00013881","CHARLOTTE DOUGLAS AIRPORT, NC US","2025-05-02","0.00","0.0","0.0",,"86","65"
"USW00013881","CHARLOTTE DOUGLAS AIRPORT, NC US","2025-05-03","1.02","0.0","0.0",,"78","58"
"USW00013881","CHARLOTTE DOUGLAS AIRPORT, NC US","2025-05-04","0.02","0.0","0.0",,"74","57"
"USW00013881","CHARLOTTE DOUGLAS AIRPORT, NC US","2025-05-05","0.00","0.0","0.0",,"75","52"
"USW00013881","CHARLOTTE DOUGLAS AIRPORT, NC US","2025-05-06","0.00","0.0","0.0",,"78","51"
"USW00013881","CHARLOTTE DOUGLAS AIRPORT, NC US","2025-05-07","0.02","0.0","0.0",,"73","56"
"USW00013881","CHARLOTTE DOUGLAS AIRPORT, NC US","2025-05-08","1.07","0.0","0.0",,"84","62"
"USW00013881","CHARLOTTE DOUGLAS AIRPORT, NC US","2025-05-09","0.34","0.0","0.0",,"81","60"
"USW00013881","CHARLOTTE DOUGLAS AIRPORT, NC US","2025-05-10","0.00","0.0","0.0",,"68","57"
"USW00013881","CHARLOTTE DOUGLAS AIRPORT, NC US","2025-05-11","0.15","0.0","0.0",,"68","59"
"USW00013881","CHARLOTTE DOUGLAS AIRPORT, NC US","2025-05-12","0.75","0.0","0.0",,"72","64"
"USW00013881","CHARLOTTE DOUGLAS AIRPORT, NC US","2025-05-13","0.15","0.0","0.0",,"79","66"
"USW00013881","CHARLOTTE DOUGLAS AIRPORT, NC US","2025-05-14","0.09","0.0","0.0",,"80","65"
"USW00013881","CHARLOTTE DOUGLAS AIRPORT, NC US","2025-05-15","0.00","0.0","0.0",,"86","67"
"USW00013881","CHARLOTTE DOUGLAS AIRPORT, NC US","2025-05-16","0.00","0.0","0.0",,"87","71"
"USW00013881","CHARLOTTE DOUGLAS AIRPORT, NC US","2025-05-17","0.07","0.0","0.0",,"87","67"
"USW00013881","CHARLOTTE DOUGLAS AIRPORT, NC US","2025-05-18","0.00","0.0","0.0",,"87","65"
"USW00013881","CHARLOTTE DOUGLAS AIRPORT, NC US","2025-05-19","0.00","0.0","0.0",,"82","63"
"USW00013881","CHARLOTTE DOUGLAS AIRPORT, NC US","2025-05-20","0.00","0.0","0.0",,"83","67"
"USW00013881","CHARLOTTE DOUGLAS AIRPORT, NC US","2025-05-21","0.25","0.0","0.0",,"86","66"
"USW00013881","CHARLOTTE DOUGLAS AIRPORT, NC US","2025-05-22","0.00","0.0","0.0",,"84","59"
"USW00013881","CHARLOTTE DOUGLAS AIRPORT, NC US","2025-05-23","0.00","0.0","0.0",,"79","58"
"USW00013881","CHARLOTTE DOUGLAS AIRPORT, NC US","2025-05-24","0.00","0.0","0.0",,"75","51"
"USW00013881","CHARLOTTE DOUGLAS AIRPORT, NC US","2025-05-25","0.00","0.0","0.0",,"73","64"
"USW00013881","CHARLOTTE DOUGLAS AIRPORT, NC US","2025-05-26","0.01","0.0","0.0",,"69","59"
"USW00013881","CHARLOTTE DOUGLAS AIRPORT, NC US","2025-05-27","0.93","0.0","0.0",,"61","56"
"USW00013881","CHARLOTTE DOUGLAS AIRPORT, NC US","2025-05-28","0.03","0.0","0.0",,"77","56"
"USW00013881","CHARLOTTE DOUGLAS AIRPORT, NC US","2025-05-29","0.06","0.0","0.0",,"83","66"
"USW00013881","CHARLOTTE DOUGLAS AIRPORT, NC US","2025-05-30","0.11","0.0","0.0",,"77","60"
"USW00013881","CHARLOTTE DOUGLAS AIRPORT, NC US","2025-05-31","0.00","0.0","0.0",,"79","57"
"USW00013881","CHARLOTTE DOUGLAS AIRPORT, NC US","2025-06-01","0.10","0.0","0.0",,"84","62"
"USW00013881","CHARLOTTE DOUGLAS AIRPORT, NC US","2025-06-02","0.00","0.0","0.0",,"80","62"
"USW00013881","CHARLOTTE DOUGLAS AIRPORT, NC US","2025-06-03","0.00","0.0","0.0",,"85","60"
"USW00013881","CHARLOTTE DOUGLAS AIRPORT, NC US","2025-06-04","0.00","0.0","0.0",,"83","68"
"USW00013881","CHARLOTTE DOUGLAS AIRPORT, NC US","2025-06-05","1.40","0.0","0.0",,"76","68"
"USW00013881","CHARLOTTE DOUGLAS AIRPORT, NC US","2025-06-06","0.07","0.0","0.0",,"89","67"
"USW00013881","CHARLOTTE DOUGLAS AIRPORT, NC US","2025-06-07","0.00","0.0","0.0",,"91","69"
"USW00013881","CHARLOTTE DOUGLAS AIRPORT, NC US","2025-06-08","0.00","0.0","0.0",,"87","68"
"USW00013881","CHARLOTTE DOUGLAS AIRPORT, NC US","2025-06-09","0.12","0.0","0.0",,"88","69"
"USW00013881","CHARLOTTE DOUGLAS AIRPORT, NC US","2025-06-10","0.00","0.0","0.0",,"85","70"
"USW00013881","CHARLOTTE DOUGLAS AIRPORT, NC US","2025-06-11","0.00","0.0","0.0",,"89","68"
"USW00013881","CHARLOTTE DOUGLAS AIRPORT, NC US","2025-06-12","0.69","0.0","0.0",,"90","70"
"USW00013881","CHARLOTTE DOUGLAS AIRPORT, NC US","2025-06-13","0.49","0.0","0.0",,"85","71"
"USW00013881","CHARLOTTE DOUGLAS AIRPORT, NC US","2025-06-14","0.04","0.0","0.0",,"87","72"
"USW00013881","CHARLOTTE DOUGLAS AIRPORT, NC US","2025-06-15","0.23","0.0","0.0",,"87","72"
"USW00013881","CHARLOTTE DOUGLAS AIRPORT, NC US","2025-06-16","0.38","0.0","0.0",,"89","74"
"USW00013881","CHARLOTTE DOUGLAS AIRPORT, NC US","2025-06-17","0.00","0.0","0.0",,"91","73"
"USW00013881","CHARLOTTE DOUGLAS AIRPORT, NC US","2025-06-18","0.00","0.0","0.0",,"89","71"
"USW00013881","CHARLOTTE DOUGLAS AIRPORT, NC US","2025-06-19","0.00","0.0","0.0",,"90","74"
"USW00013881","CHARLOTTE DOUGLAS AIRPORT, NC US","2025-06-20","0.00","0.0","0.0",,"90","70"
"USW00013881","CHARLOTTE DOUGLAS AIRPORT, NC US","2025-06-21","0.00","0.0","0.0",,"92","69"
"USW00013881","CHARLOTTE DOUGLAS AIRPORT, NC US","2025-06-22","0.00","0.0","0.0",,"95","72"
"USW00013881","CHARLOTTE DOUGLAS AIRPORT, NC US","2025-06-23","0.00","0.0","0.0",,"98","75"
"USW00013881","CHARLOTTE DOUGLAS AIRPORT, NC US","2025-06-24","0.00","0.0","0.0",,"98","77"
"USW00013881","CHARLOTTE DOUGLAS AIRPORT, NC US","2025-06-25","0.31","0.0","0.0",,"100","71"
"USW00013881","CHARLOTTE DOUGLAS AIRPORT, NC US","2025-06-26","0.00","0.0","0.0",,"93","70"
"USW00013881","CHARLOTTE DOUGLAS AIRPORT, NC US","2025-06-27","0.00","0.0","0.0",,"96","73"
"USW00013881","CHARLOTTE DOUGLAS AIRPORT, NC US","2025-06-28","0.00","0.0","0.0",,"94","74"
"USW00013881","CHARLOTTE DOUGLAS AIRPORT, NC US","2025-06-29","0.00","0.0","0.0",,"96","72"
"USW00013881","CHARLOTTE DOUGLAS AIRPORT, NC US","2025-06-30","0.00","0.0","0.0",,"93","75"
"USW00013881","CHARLOTTE DOUGLAS AIRPORT, NC US","2025-07-01","0.03","0.0","0.0",,"92","75"
"USW00013881","CHARLOTTE DOUGLAS AIRPORT, NC US","2025-07-02","0.20","0.0","0.0",,"90","74"
"USW00013881","CHARLOTTE DOUGLAS AIRPORT, NC US","2025-07-03","0.00","0.0","0.0",,"94","73"
"USW00013881","CHARLOTTE DOUGLAS AIRPORT, NC US","2025-07-04","0.00","0.0","0.0",,"93","74"
"USW00013881","CHARLOTTE DOUGLAS AIRPORT, NC US","2025-07-05","0.00","0.0","0.0",,"90","71"
"USW00013881","CHARLOTTE DOUGLAS AIRPORT, NC US","2025-07-06","0.00","0.0","0.0",,"86","71"
"USW00013881","CHARLOTTE DOUGLAS AIRPORT, NC US","2025-07-07","0.00","0.0","0.0",,"98","72"
"USW00013881","CHARLOTTE DOUGLAS AIRPORT, NC US","2025-07-08","0.00","0.0","0.0",,"98","76"
"USW00013881","CHARLOTTE DOUGLAS AIRPORT, NC US","2025-07-09","0.05","0.0","0.0",,"95","74"
"USW00013881","CHARLOTTE DOUGLAS AIRPORT, NC US","2025-07-10","0.00","0.0","0.0",,"90","73"
"USW00013881","CHARLOTTE DOUGLAS AIRPORT, NC US","2025-07-11","0.00","0.0","0.0",,"90","72"
"USW00013881","CHARLOTTE DOUGLAS AIRPORT, NC US","2025-07-12","0.00","0.0","0.0",,"95","72"
"USW00013881","CHARLOTTE DOUGLAS AIRPORT, NC US","2025-07-13","0.08","0.0","0.0",,"97","73"
"USW00013881","CHARLOTTE DOUGLAS AIRPORT, NC US","2025-07-14","0.00","0.0","0.0",,"98","73"
"USW00013881","CHARLOTTE DOUGLAS AIRPORT, NC US","2025-07-15","0.76","0.0","0.0",,"93","75"
"USW00013881","CHARLOTTE DOUGLAS AIRPORT, NC US","2025-07-16","0.01","0.0","0.0",,"92","76"
"USW00013881","CHARLOTTE DOUGLAS AIRPORT, NC US","2025-07-17","0.00","0.0","0.0",,"94","76"
"USW00013881","CHARLOTTE DOUGLAS AIRPORT, NC US","2025-07-18","0.00","0.0","0.0",,"97","78"
"USW00013881","CHARLOTTE DOUGLAS AIRPORT, NC US","2025-07-19","0.00","0.0","0.0",,"96","76"
"USW00013881","CHARLOTTE DOUGLAS AIRPORT, NC US","2025-07-20","0.00","0.0","0.0",,"98","76"
"USW00013881","CHARLOTTE DOUGLAS AIRPORT, NC US","2025-07-21","0.06","0.0","0.0",,"99","77"
"USW00013881","CHARLOTTE DOUGLAS AIRPORT, NC US","2025-07-22","0.01","0.0","0.0",,"90","75"
"USW00013881","CHARLOTTE DOUGLAS AIRPORT, NC US","2025-07-23","0.00","0.0","0.0",,"92","74"
"USW00013881","CHARLOTTE DOUGLAS AIRPORT, NC US","2025-07-24","0.00","0.0","0.0",,"95","75"
"USW00013881","CHARLOTTE DOUGLAS AIRPORT, NC US","2025-07-25","0.00","0.0","0.0",,"99","77"
"USW00013881","CHARLOTTE DOUGLAS AIRPORT, NC US","2025-07-26","0.00","0.0","0.0",,"101","77"
"USW00013881","CHARLOTTE DOUGLAS AIRPORT, NC US","2025-07-27","0.00","0.0","0.0",,"102","78"
"USW00013881","CHARLOTTE DOUGLAS AIRPORT, NC US","2025-07-28","0.33","0.0","0.0",,"101","76"
"USW00013881","CHARLOTTE DOUGLAS AIRPORT, NC US","2025-07-29","0.01","0.0","0.0",,"95","75"
"USW00013881","CHARLOTTE DOUGLAS AIRPORT, NC US","2025-07-30","0.00","0.0","0.0",,"94","76"
"USW00013881","CHARLOTTE DOUGLAS AIRPORT, NC US","2025-07-31","0.12","0.0","0.0",,"93","75"
"USW00013881","CHARLOTTE DOUGLAS AIRPORT, NC US","2025-08-01","1.24","0.0","0.0",,"93","70"
"USW00013881","CHARLOTTE DOUGLAS AIRPORT, NC US","2025-08-02","0.02","0.0","0.0",,"74","69"
"USW00013881","CHARLOTTE DOUGLAS AIRPORT, NC US","2025-08-03","0.04","0.0","0.0",,"76","67"
"USW00013881","CHARLOTTE DOUGLAS AIRPORT, NC US","2025-08-04","0.33","0.0","0.0",,"81","67"
"USW00013881","CHARLOTTE DOUGLAS AIRPORT, NC US","2025-08-05","2.50","0.0","0.0",,"69","62"
"USW00013881","CHARLOTTE DOUGLAS AIRPORT, NC US","2025-08-06","0.86","0.0","0.0",,"74","63"
"USW00013881","CHARLOTTE DOUGLAS AIRPORT, NC US","2025-08-07","0.03","0.0","0.0",,"75","66"
"USW00013881","CHARLOTTE DOUGLAS AIRPORT, NC US","2025-08-08","0.17","0.0","0.0",,"80","67"
"USW00013881","CHARLOTTE DOUGLAS AIRPORT, NC US","2025-08-09","0.00","0.0","0.0",,"82","69"
"USW00013881","CHARLOTTE DOUGLAS AIRPORT, NC US","2025-08-10","0.00","0.0","0.0",,"86","68"
"USW00013881","CHARLOTTE DOUGLAS AIRPORT, NC US","2025-08-11","0.66","0.0","0.0",,"81","72"
"USW00013881","CHARLOTTE DOUGLAS AIRPORT, NC US","2025-08-12","0.16","0.0","0.0",,"87","73"
"USW00013881","CHARLOTTE DOUGLAS AIRPORT, NC US","2025-08-13","0.08","0.0","0.0",,"90","74"
"USW00013881","CHARLOTTE DOUGLAS AIRPORT, NC US","2025-08-14","0.57","0.0","0.0",,"89","73"
"USW00013881","CHARLOTTE DOUGLAS AIRPORT, NC US","2025-08-15","0.30","0.0","0.0",,"93","73"
"USW00013881","CHARLOTTE DOUGLAS AIRPORT, NC US","2025-08-16","0.00","0.0","0.0",,"92","74"
"USW00013881","CHARLOTTE DOUGLAS AIRPORT, NC US","2025-08-17","0.00","0.0","0.0",,"94","74"
"USW00013881","CHARLOTTE DOUGLAS AIRPORT, NC US","2025-08-18","0.15","0.0","0.0",,"92","74"
"USW00013881","CHARLOTTE DOUGLAS AIRPORT, NC US","2025-08-19","0.00","0.0","0.0",,"85","74"
"USW00013881","CHARLOTTE DOUGLAS AIRPORT, NC US","2025-08-20","0.00","0.0","0.0",,"87","69"
"USW00013881","CHARLOTTE DOUGLAS AIRPORT, NC US","2025-08-21","0.00","0.0","0.0",,"89","73"
"USW00013881","CHARLOTTE DOUGLAS AIRPORT, NC US","2025-08-22","0.45","0.0","0.0",,"81","70"
"USW00013881","CHARLOTTE DOUGLAS AIRPORT, NC US","2025-08-23","0.00","0.0","0.0",,"80","70"
"USW00013881","CHARLOTTE DOUGLAS AIRPORT, NC US","2025-08-24","0.01","0.0","0.0",,"88","65"
"USW00013881","CHARLOTTE DOUGLAS AIRPORT, NC US","2025-08-25","0.00","0.0","0.0",,"87","68"
"USW00013881","CHARLOTTE DOUGLAS AIRPORT, NC US","2025-08-26","0.00","0.0","0.0",,"82","64"
"USW00013881","CHARLOTTE DOUGLAS AIRPORT, NC US","2025-08-27","0.00","0.0","0.0",,"82","59"
"USW00013881","CHARLOTTE DOUGLAS AIRPORT, NC US","2025-08-28","0.00","0.0","0.0",,"84","63"
"USW00013881","CHARLOTTE DOUGLAS AIRPORT, NC US","2025-08-29","0.00","0.0","0.0",,"86","62"
"USW00013881","CHARLOTTE DOUGLAS AIRPORT, NC US","2025-08-30","0.00","0.0","0.0",,"86","63"
"USW00013881","CHARLOTTE DOUGLAS AIRPORT, NC US","2025-08-31","0.00","0.0","0.0",,"81","64"
"USW00013881","CHARLOTTE DOUGLAS AIRPORT, NC US","2025-09-01","0.00","0.0","0.0",,"81","58"
"USW00013881","CHARLOTTE DOUGLAS AIRPORT, NC US","2025-09-02","0.00","0.0","0.0",,"81","58"
"USW00013881","CHARLOTTE DOUGLAS AIRPORT, NC US","2025-09-03","0.00","0.0","0.0",,"82","59"
"USW00013881","CHARLOTTE DOUGLAS AIRPORT, NC US","2025-09-04","1.39","0.0","0.0",,"87","62"
"USW00013881","CHARLOTTE DOUGLAS AIRPORT, NC US","2025-09-05","0.00","0.0","0.0",,"89","66"
"USW00013881","CHARLOTTE DOUGLAS AIRPORT, NC US","2025-09-06","0.58","0.0","0.0",,"89","70"
"USW00013881","CHARLOTTE DOUGLAS AIRPORT, NC US","2025-09-07","0.00","0.0","0.0",,"74","59"
"USW00013881","CHARLOTTE DOUGLAS AIRPORT, NC US","2025-09-08","0.00","0.0","0.0",,"77","58"
"USW00013881","CHARLOTTE DOUGLAS AIRPORT, NC US","2025-09-09","0.00","0.0","0.0",,"76","54"
"USW00013881","CHARLOTTE DOUGLAS AIRPORT, NC US","2025-09-10","0.00","0.0","0.0",,"82","56"
"USW00013881","CHARLOTTE DOUGLAS AIRPORT, NC US","2025-09-11","0.00","0.0","0.0",,"84","59"
"USW00013881","CHARLOTTE DOUGLAS AIRPORT, NC US","2025-09-12","0.00","0.0","0.0",,"84","60"
"USW00013881","CHARLOTTE DOUGLAS AIRPORT, NC US","2025-09-13","0.00","0.0","0.0",,"83","59"
"USW00013881","CHARLOTTE DOUGLAS AIRPORT, NC US","2025-09-14","0.00","0.0","0.0",,"86","59"
"USW00013881","CHARLOTTE DOUGLAS AIRPORT, NC US","2025-09-15","0.00","0.0","0.0",,"84","63"
"USW00013881","CHARLOTTE DOUGLAS AIRPORT, NC US","2025-09-16","0.00","0.0","0.0",,"83","59"
"USW00013881","CHARLOTTE DOUGLAS AIRPORT, NC US","2025-09-17","0.00","0.0","0.0",,"84","62"
"USW00013881","CHARLOTTE DOUGLAS AIRPORT, NC US","2025-09-18","0.00","0.0","0.0",,"88","67"
"USW00013881","CHARLOTTE DOUGLAS AIRPORT, NC US","2025-09-19","0.00","0.0","0.0",,"91","64"
"USW00013881","CHARLOTTE DOUGLAS AIRPORT, NC US","2025-09-20","0.00","0.0","0.0",,"92","64"
"USW00013881","CHARLOTTE DOUGLAS AIRPORT, NC US","2025-09-21","0.00","0.0","0.0",,"87","65"
"USW00013881","CHARLOTTE DOUGLAS AIRPORT, NC US","2025-09-22","0.00","0.0","0.0",,"86","64"
"USW00013881","CHARLOTTE DOUGLAS AIRPORT, NC US","2025-09-23","0.00","0.0","0.0",,"89","63"
"USW00013881","CHARLOTTE DOUGLAS AIRPORT, NC US","2025-09-24","0.00","0.0","0.0",,"91","67"
"USW00013881","CHARLOTTE DOUGLAS AIRPORT, NC US","2025-09-25","0.00","0.0","0.0",,"88","72"
"USW00013881","CHARLOTTE DOUGLAS AIRPORT, NC US","2025-09-26","0.02","0.0","0.0",,"86","71"
"USW00013881","CHARLOTTE DOUGLAS AIRPORT, NC US","2025-09-27","0.26","0.0","0.0",,"84","69"
"USW00013881","CHARLOTTE DOUGLAS AIRPORT, NC US","2025-09-28","0.00","0.0","0.0",,"82","66"
"USW00013881","CHARLOTTE DOUGLAS AIRPORT, NC US","2025-09-29","0.46","0.0","0.0",,"69","66"
"USW00013881","CHARLOTTE DOUGLAS AIRPORT, NC US","2025-09-30","0.00","0.0","0.0",,"77","65"
"USW00013881","CHARLOTTE DOUGLAS AIRPORT, NC US","2025-10-01","0.00","0.0","0.0",,"81","64"
"USW00013881","CHARLOTTE DOUGLAS AIRPORT, NC US","2025-10-02","0.00","0.0","0.0",,"75","57"
"USW00013881","CHARLOTTE DOUGLAS AIRPORT, NC US","2025-10-03","0.00","0.0","0.0",,"76","52"
"USW00013881","CHARLOTTE DOUGLAS AIRPORT, NC US","2025-10-04","0.00","0.0","0.0",,"80","53"
"USW00013881","CHARLOTTE DOUGLAS AIRPORT, NC US","2025-10-05","0.00","0.0","0.0",,"81","58"
"USW00013881","CHARLOTTE DOUGLAS AIRPORT, NC US","2025-10-06","0.00","0.0","0.0",,"78","61"
"USW00013881","CHARLOTTE DOUGLAS AIRPORT, NC US","2025-10-07","0.00","0.0","0.0",,"83","64"
"USW00013881","CHARLOTTE DOUGLAS AIRPORT, NC US","2025-10-08","0.00","0.0","0.0",,"85","63"
"USW00013881","CHARLOTTE DOUGLAS AIRPORT, NC US","2025-10-09","0.00","0.0","0.0",,"73","55"
"USW00013881","CHARLOTTE DOUGLAS AIRPORT, NC US","2025-10-10","0.00","0.0","0.0",,"70","51"
"USW00013881","CHARLOTTE DOUGLAS AIRPORT, NC US","2025-10-11","0.00","0.0","0.0",,"66","55"
"USW00013881","CHARLOTTE DOUGLAS AIRPORT, NC US","2025-10-12","0.00","0.0","0.0",,"72","62"
"USW00013881","CHARLOTTE DOUGLAS AIRPORT, NC US","2025-10-13","0.00","0.0","0.0",,"81","61"
"USW00013881","CHARLOTTE DOUGLAS AIRPORT, NC US","2025-10-14","0.00","0.0","0.0",,"81","54"
"USW00013881","CHARLOTTE DOUGLAS AIRPORT, NC US","2025-10-15","0.00","0.0","0.0",,"81","56"
"USW00013881","CHARLOTTE DOUGLAS AIRPORT, NC US","2025-10-16","0.00","0.0","0.0",,"77","53"
"USW00013881","CHARLOTTE DOUGLAS AIRPORT, NC US","2025-10-17","0.00","0.0","0.0",,"76","48"
"USW00013881","CHARLOTTE DOUGLAS AIRPORT, NC US","2025-10-18","0.00","0.0","0.0",,"82","53"
"USW00013881","CHARLOTTE DOUGLAS AIRPORT, NC US","2025-10-19","0.07","0.0","0.0",,"75","53"
"USW00013881","CHARLOTTE DOUGLAS AIRPORT, NC US","2025-10-20","0.00","0.0","0.0",,"72","44"
"USW00013881","CHARLOTTE DOUGLAS AIRPORT, NC US","2025-10-21","0.00","0.0","0.0",,"79","46"
"USW00013881","CHARLOTTE DOUGLAS AIRPORT, NC US","2025-10-22","0.00","0.0","0.0",,"74","46"
"USW00013881","CHARLOTTE DOUGLAS AIRPORT, NC US","2025-10-23","0.00","0.0","0.0",,"74","44"
"USW00013881","CHARLOTTE DOUGLAS AIRPORT, NC US","2025-10-24","0.00","0.0","0.0",,"68","42"
"USW00013881","CHARLOTTE DOUGLAS AIRPORT, NC US","2025-10-25","0.00","0.0","0.0",,"63","43"
"USW00013881","CHARLOTTE DOUGLAS AIRPORT, NC US","2025-10-26","0.07","0.0","0.0",,"66","45"
"USW00013881","CHARLOTTE DOUGLAS AIRPORT, NC US","2025-10-27","1.16","0.0","0.0",,"53","50"
"USW00013881","CHARLOTTE DOUGLAS AIRPORT, NC US","2025-10-28","0.32","0.0","0.0",,"52","47"
"USW00013881","CHARLOTTE DOUGLAS AIRPORT, NC US","2025-10-29","0.57","0.0","0.0",,"55","48"
"USW00013881","CHARLOTTE DOUGLAS AIRPORT, NC US","2025-10-30","0.10","0.0","0.0",,"64","47"
"USW00013881","CHARLOTTE DOUGLAS AIRPORT, NC US","2025-10-31","0.00","0.0","0.0",,"65","42"
"USW00013881","CHARLOTTE DOUGLAS AIRPORT, NC US","2025-11-01","0.00","0.0","0.0",,"66","37"
"USW00013881","CHARLOTTE DOUGLAS AIRPORT, NC US","2025-11-02","0.00","0.0","0.0",,"63","40"
"USW00013881","CHARLOTTE DOUGLAS AIRPORT, NC US","2025-11-03","0.00","0.0","0.0",,"70","43"
"USW00013881","CHARLOTTE DOUGLAS AIRPORT, NC US","2025-11-04","0.00","0.0","0.0",,"69","41"
"USW00013881","CHARLOTTE DOUGLAS AIRPORT, NC US","2025-11-05","0.00","0.0","0.0",,"73","42"
"USW00013881","CHARLOTTE DOUGLAS AIRPORT, NC US","2025-11-06","0.00","0.0","0.0",,"72","48"
"USW00013881","CHARLOTTE DOUGLAS AIRPORT, NC US","2025-11-07","0.00","0.0","0.0",,"71","42"
"USW00013881","CHARLOTTE DOUGLAS AIRPORT, NC US","2025-11-08","0.29","0.0","0.0",,"74","55"
"USW00013881","CHARLOTTE DOUGLAS AIRPORT, NC US","2025-11-09","0.00","0.0","0.0",,"77","50"
"USW00013881","CHARLOTTE DOUGLAS AIRPORT, NC US","2025-11-10","0.00","0.0","0.0",,"50","31"
"USW00013881","CHARLOTTE DOUGLAS AIRPORT, NC US","2025-11-11","0.00","0.0","0.0",,"48","29"
"USW00013881","CHARLOTTE DOUGLAS AIRPORT, NC US","2025-11-12","0.00","0.0","0.0",,"66","38"
"USW00013881","CHARLOTTE DOUGLAS AIRPORT, NC US","2025-11-13","0.00","0.0","0.0",,"70","40"
"USW00013881","CHARLOTTE DOUGLAS AIRPORT, NC US","2025-11-14","0.00","0.0","0.0",,"69","39"
"USW00013881","CHARLOTTE DOUGLAS AIRPORT, NC US","2025-11-15","0.00","0.0","0.0",,"72","43"
"USW00013881","CHARLOTTE DOUGLAS AIRPORT, NC US","2025-11-16","0.00","0.0","0.0",,"79","50"
"USW00013881","CHARLOTTE DOUGLAS AIRPORT, NC US","2025-11-17","0.00","0.0","0.0",,"67","40"
"USW00013881","CHARLOTTE DOUGLAS AIRPORT, NC US","2025-11-18","0.00","0.0","0.0",,"69","37"
"USW00013881","CHARLOTTE DOUGLAS AIRPORT, NC US","2025-11-19","0.00","0.0","0.0",,"79","53"
"USW00013881","CHARLOTTE DOUGLAS AIRPORT, NC US","2025-11-20","0.00","0.0","0.0",,"70","53"
"USW00013881","CHARLOTTE DOUGLAS AIRPORT, NC US","2025-11-21","0.00","0.0","0.0",,"70","58"
"USW00013881","CHARLOTTE DOUGLAS AIRPORT, NC US","2025-11-22","0.00","0.0","0.0",,"80","63"
"USW00013881","CHARLOTTE DOUGLAS AIRPORT, NC US","2025-11-23","0.00","0.0","0.0",,"73","51"
"USW00013881","CHARLOTTE DOUGLAS AIRPORT, NC US","2025-11-24","0.00","0.0","0.0",,"66","44"
"USW00013881","CHARLOTTE DOUGLAS AIRPORT, NC US","2025-11-25","0.01","0.0","0.0",,"67","52"
"USW00013881","CHARLOTTE DOUGLAS AIRPORT, NC US","2025-11-26","0.10","0.0","0.0",,"72","51"
"USW00013881","CHARLOTTE DOUGLAS AIRPORT, NC US","2025-11-27","0.00","0.0","0.0",,"55","37"
"USW00013881","CHARLOTTE DOUGLAS AIRPORT, NC US","2025-11-28","0.00","0.0","0.0",,"48","31"
"USW00013881","CHARLOTTE DOUGLAS AIRPORT, NC US","2025-11-29","0.00","0.0","0.0",,"47","28"
"USW00013881","CHARLOTTE DOUGLAS AIRPORT, NC US","2025-11-30","0.09","0.0","0.0",,"47","41"
"USW00013881","CHARLOTTE DOUGLAS AIRPORT, NC US","2025-12-01","0.00","0.0","0.0",,"47","36"
"USW00013881","CHARLOTTE DOUGLAS AIRPORT, NC US","2025-12-02","0.61","0.0","0.0",,"47","37"
"USW00013881","CHARLOTTE DOUGLAS AIRPORT, NC US","2025-12-03","0.00","0.0","0.0",,"49","30"
"USW00013881","CHARLOTTE DOUGLAS AIRPORT, NC US","2025-12-04","0.00","0.0","0.0",,"50","30"
"USW00013881","CHARLOTTE DOUGLAS AIRPORT, NC US","2025-12-05","0.37","0.0","0.0",,"45","36"
"USW00013881","CHARLOTTE DOUGLAS AIRPORT, NC US","2025-12-06","0.00","0.0","0.0",,"44","35"
"USW00013881","CHARLOTTE DOUGLAS AIRPORT, NC US","2025-12-07","0.00","0.0","0.0",,"42","32"
"USW00013881","CHARLOTTE DOUGLAS AIRPORT, NC US","2025-12-08","0.10","0.0","0.0",,"42","34"
"USW00013881","CHARLOTTE DOUGLAS AIRPORT, NC US","2025-12-09","0.00","0.0","0.0",,"41","28"
"USW00013881","CHARLOTTE DOUGLAS AIRPORT, NC US","2025-12-10","0.00","0.0","0.0",,"57","32"
"USW00013881","CHARLOTTE DOUGLAS AIRPORT, NC US","2025-12-11","0.00","0.0","0.0",,"51","35"
"USW00013881","CHARLOTTE DOUGLAS AIRPORT, NC US","2025-12-12","0.00","0.0","0.0",,"52","34"
"USW00013881","CHARLOTTE DOUGLAS AIRPORT, NC US","2025-12-13","0.00","0.0","0.0",,"60","29"
"USW00013881","CHARLOTTE DOUGLAS AIRPORT, NC US","2025-12-14","0.02","0.0","0.0",,"57","20"
"USW00013881","CHARLOTTE DOUGLAS AIRPORT, NC US","2025-12-15","0.00","0.0","0.0",,"38","16"
"USW00013881","CHARLOTTE DOUGLAS AIRPORT, NC US","2025-12-16","0.00","0.0","0.0",,"55","28"
"USW00013881","CHARLOTTE DOUGLAS AIRPORT, NC US","2025-12-17","0.00","0.0","0.0",,"59","33"
"USW00013881","CHARLOTTE DOUGLAS AIRPORT, NC US","2025-12-18","0.57","0.0","0.0",,"60","42"
"USW00013881","CHARLOTTE DOUGLAS AIRPORT, NC US","2025-12-19","0.13","0.0","0.0",,"63","40"
"USW00013881","CHARLOTTE DOUGLAS AIRPORT, NC US","2025-12-20","0.00","0.0","0.0",,"58","30"
"USW00013881","CHARLOTTE DOUGLAS AIRPORT, NC US","2025-12-21","0.00","0.0","0.0",,"62","32"
"USW00013881","CHARLOTTE DOUGLAS AIRPORT, NC US","2025-12-22","0.00","0.0","0.0",,"54","34"
"USW00013881","CHARLOTTE DOUGLAS AIRPORT, NC US","2025-12-23","0.00","0.0","0.0",,"69","42"
"USW00013881","CHARLOTTE DOUGLAS AIRPORT, NC US","2025-12-24","0.00","0.0","0.0",,"77","44"
"USW00013881","CHARLOTTE DOUGLAS AIRPORT, NC US","2025-12-25","0.00","0.0","0.0",,"79","50"
"USW00013881","CHARLOTTE DOUGLAS AIRPORT, NC US","2025-12-26","0.00","0.0","0.0",,"60","51"
"USW00013881","CHARLOTTE DOUGLAS AIRPORT, NC US","2025-12-27","0.00","0.0","0.0",,"78","45"
"USW00013881","CHARLOTTE DOUGLAS AIRPORT, NC US","2025-12-28","0.01","0.0","0.0",,"57","44"
"USW00013881","CHARLOTTE DOUGLAS AIRPORT, NC US","2025-12-29","0.01","0.0","0.0",,"64","33"
"USW00013881","CHARLOTTE DOUGLAS AIRPORT, NC US","2025-12-30","0.00","0.0","0.0",,"47","26"
"USW00013881","CHARLOTTE DOUGLAS AIRPORT, NC US","2025-12-31","0.00","0.0","0.0",,"51","27"
"USW00013881","CHARLOTTE DOUGLAS AIRPORT, NC US","2026-01-01","0.00","0.0","0.0",,"59","34"
"USW00013881","CHARLOTTE DOUGLAS AIRPORT, NC US","2026-01-02","0.00","0.0","0.0",,"61","37"
"USW00013881","CHARLOTTE DOUGLAS AIRPORT, NC US","2026-01-03","0.00","0.0","0.0",,"54","38"
"USW00013881","CHARLOTTE DOUGLAS AIRPORT, NC US","2026-01-04","0.00","0.0","0.0",,"59","30"
"USW00013881","CHARLOTTE DOUGLAS AIRPORT, NC US","2026-01-05","0.00","0.0","0.0",,"58","42"
"USW00013881","CHARLOTTE DOUGLAS AIRPORT, NC US","2026-01-06","0.00","0.0","0.0",,"68","43"
"USW00013881","CHARLOTTE DOUGLAS AIRPORT, NC US","2026-01-07","0.00","0.0","0.0",,"74","50"
"USW00013881","CHARLOTTE DOUGLAS AIRPORT, NC US","2026-01-08","0.00","0.0","0.0",,"65","42"
"USW00013881","CHARLOTTE DOUGLAS AIRPORT, NC US","2026-01-09","0.03","0.0","0.0",,"64","56"
"USW00013881","CHARLOTTE DOUGLAS AIRPORT, NC US","2026-01-10","0.08","0.0","0.0",,"74","60"
"USW00013881","CHARLOTTE DOUGLAS AIRPORT, NC US","2026-01-11","0.00","0.0","0.0",,"65","32"
"USW00013881","CHARLOTTE DOUGLAS AIRPORT, NC US","2026-01-12","0.00","0.0","0.0",,"50","26"
"USW00013881","CHARLOTTE DOUGLAS AIRPORT, NC US","2026-01-13","0.00","0.0","0.0",,"59","29"
"USW00013881","CHARLOTTE DOUGLAS AIRPORT, NC US","2026-01-14","0.00","0.0","0.0",,"55","41"
"USW00013881","CHARLOTTE DOUGLAS AIRPORT, NC US","2026-01-15","0.00","0.0","0.0",,"47","24"
"USW00013881","CHARLOTTE DOUGLAS AIRPORT, NC US","2026-01-16","0.00","0.0","0.0",,"46","19"
"USW00013881","CHARLOTTE DOUGLAS AIRPORT, NC US","2026-01-17","0.00","0.0","0.0",,"52","37"
"USW00013881","CHARLOTTE DOUGLAS AIRPORT, NC US","2026-01-18","0.30","0.0","0.0",,"50","26"
"USW00013881","CHARLOTTE DOUGLAS AIRPORT, NC US","2026-01-19","0.00","0.0","0.0",,"50","24"
"USW00013881","CHARLOTTE DOUGLAS AIRPORT, NC US","2026-01-20","0.00","0.0","0.0",,"50","24"
"USW00013881","CHARLOTTE DOUGLAS AIRPORT, NC US","2026-01-21","0.00","0.0","0.0",,"52","22"
"USW00013881","CHARLOTTE DOUGLAS AIRPORT, NC US","2026-01-22","0.00","0.0","0.0",,"58","41"
"USW00013881","CHARLOTTE DOUGLAS AIRPORT, NC US","2026-01-23","0.01","0.0","0.0",,"52","37"
"USW00013881","CHARLOTTE DOUGLAS AIRPORT, NC US","2026-01-24","0.00","0.0","0.0",,"41","20"
"USW00013881","CHARLOTTE DOUGLAS AIRPORT, NC US","2026-01-25","0.58","0.8","0.0",,"33","18"
"USW00013881","CHARLOTTE DOUGLAS AIRPORT, NC US","2026-01-26","0.00","0.0","1.0",,"40","20"
"USW00013881","CHARLOTTE DOUGLAS AIRPORT, NC US","2026-01-27","0.00","0.0","0.0",,"38","14"
"USW00013881","CHARLOTTE DOUGLAS AIRPORT, NC US","2026-01-28","0.00","0.0","0.0",,"47","24"
"USW00013881","CHARLOTTE DOUGLAS AIRPORT, NC US","2026-01-29","0.00","0.0","0.0",,"38","26"
"USW00013881","CHARLOTTE DOUGLAS AIRPORT, NC US","2026-01-30","0.00","0.0","0.0",,"42","22"
"USW00013881","CHARLOTTE DOUGLAS AIRPORT, NC US","2026-01-31","0.51","11.0","0.0",,"30","17"
"USW00013881","CHARLOTTE DOUGLAS AIRPORT, NC US","2026-02-01","0.01","0.4","11.0",,"37","14"
"USW00013881","CHARLOTTE DOUGLAS AIRPORT, NC US","2026-02-02","0.00","0.0","4.0",,"42","10"
"USW00013881","CHARLOTTE DOUGLAS AIRPORT, NC US","2026-02-03","0.00","0.0","2.0",,"46","21"
"USW00013881","CHARLOTTE DOUGLAS AIRPORT, NC US","2026-02-04","0.00","0.0","0.0",,"47","35"
"USW00013881","CHARLOTTE DOUGLAS AIRPORT, NC US","2026-02-05","0.00","0.0","0.0",,"39","28"
"USW00013881","CHARLOTTE DOUGLAS AIRPORT, NC US","2026-02-06","0.00","0.0","0.0",,"55","24"
"USW00013881","CHARLOTTE DOUGLAS AIRPORT, NC US","2026-02-07","0.00","0.0","0.0",,"49","30"
"USW00013881","CHARLOTTE DOUGLAS AIRPORT, NC US","2026-02-08","0.00","0.0","0.0",,"35","21"
"USW00013881","CHARLOTTE DOUGLAS AIRPORT, NC US","2026-02-09","0.00","0.0","0.0",,"52","32"
"USW00013881","CHARLOTTE DOUGLAS AIRPORT, NC US","2026-02-10","0.00","0.0","0.0",,"73","30"
"USW00013881","CHARLOTTE DOUGLAS AIRPORT, NC US","2026-02-11","0.00","0.0","0.0",,"70","48"
"USW00013881","CHARLOTTE DOUGLAS AIRPORT, NC US","2026-02-12","0.00","0.0","0.0",,"59","34"
"USW00013881","CHARLOTTE DOUGLAS AIRPORT, NC US","2026-02-13","0.00","0.0","0.0",,"57","31"
"USW00013881","CHARLOTTE DOUGLAS AIRPORT, NC US","2026-02-14","0.00","0.0","0.0",,"62","30"
"USW00013881","CHARLOTTE DOUGLAS AIRPORT, NC US","2026-02-15","1.33","0.0","0.0",,"52","45"
"USW00013881","CHARLOTTE DOUGLAS AIRPORT, NC US","2026-02-16","0.00","0.0","0.0",,"65","38"
"USW00013881","CHARLOTTE DOUGLAS AIRPORT, NC US","2026-02-17","0.00","0.0","0.0",,"65","38"
"USW00013881","CHARLOTTE DOUGLAS AIRPORT, NC US","2026-02-18","0.00","0.0","0.0",,"68","54"
"USW00013881","CHARLOTTE DOUGLAS AIRPORT, NC US","2026-02-19","0.00","0.0","0.0",,"78","59"
"USW00013881","CHARLOTTE DOUGLAS AIRPORT, NC US","2026-02-20","0.05","0.0","0.0",,"83","59"
"USW00013881","CHARLOTTE DOUGLAS AIRPORT, NC US","2026-02-21","0.17","0.0","0.0",,"65","50"
"USW00013881","CHARLOTTE DOUGLAS AIRPORT, NC US","2026-02-22","0.16","0.0","0.0",,"55","31"
"USW00013881","CHARLOTTE DOUGLAS AIRPORT, NC US","2026-02-23","0.00","0.0","0.0",,"43","27"
"USW00013881","CHARLOTTE DOUGLAS AIRPORT, NC US","2026-02-24","0.00","0.0","0.0",,"44","25"
"USW00013881","CHARLOTTE DOUGLAS AIRPORT, NC US","2026-02-25","0.00","0.0","0.0",,"61","43"
"USW00013881","CHARLOTTE DOUGLAS AIRPORT, NC US","2026-02-26","0.70","0.0","0.0",,"57","51"
"USW00013881","CHARLOTTE DOUGLAS AIRPORT, NC US","2026-02-27","0.06","0.0","0.0",,"56","49"
"USW00013881","CHARLOTTE DOUGLAS AIRPORT, NC US","2026-02-28","0.00","0.0","0.0",,"61","47"
"USW00013881","CHARLOTTE DOUGLAS AIRPORT, NC US","2026-03-01","0.00","0.0","0.0",,"77","44"
"USW00013881","CHARLOTTE DOUGLAS AIRPORT, NC US","2026-03-02","0.00","0.0","0.0",,"62","45"
"USW00013881","CHARLOTTE DOUGLAS AIRPORT, NC US","2026-03-03","0.00","0.0","0.0",,"58","40"
"USW00013881","CHARLOTTE DOUGLAS AIRPORT, NC US","2026-03-04","0.00","0.0","0.0",,"77","48"
"USW00013881","CHARLOTTE DOUGLAS AIRPORT, NC US","2026-03-05","0.00","0.0","0.0",,"78","56"
"USW00013881","CHARLOTTE DOUGLAS AIRPORT, NC US","2026-03-06","0.00","0.0","0.0",,"82","58"
"USW00013881","CHARLOTTE DOUGLAS AIRPORT, NC US","2026-03-07","0.00","0.0","0.0",,"80","63"
"USW00013881","CHARLOTTE DOUGLAS AIRPORT, NC US","2026-03-08","0.06","0.0","0.0",,"72","61"
"USW00013881","CHARLOTTE DOUGLAS AIRPORT, NC US","2026-03-09","0.00","0.0","0.0",,"80","60"
"USW00013881","CHARLOTTE DOUGLAS AIRPORT, NC US","2026-03-10","0.00","0.0","0.0",,"87","60"
"USW00013881","CHARLOTTE DOUGLAS AIRPORT, NC US","2026-03-11","0.00","0.0","0.0",,"87","67"
"USW00013881","CHARLOTTE DOUGLAS AIRPORT, NC US","2026-03-12","0.64","0.0","0.0",,"75","43"
"USW00013881","CHARLOTTE DOUGLAS AIRPORT, NC US","2026-03-13","0.00","0.0","0.0",,"63","35"
"USW00013881","CHARLOTTE DOUGLAS AIRPORT, NC US","2026-03-14","0.00","0.0","0.0",,"77","45"
"USW00013881","CHARLOTTE DOUGLAS AIRPORT, NC US","2026-03-15","0.15","0.0","0.0",,"72","50"
"USW00013881","CHARLOTTE DOUGLAS AIRPORT, NC US","2026-03-16","0.50","0.0","0.0",,"68","36"
"USW00013881","CHARLOTTE DOUGLAS AIRPORT, NC US","2026-03-17","0.00","0.0","0.0",,"49","31"
"USW00013881","CHARLOTTE DOUGLAS AIRPORT, NC US","2026-03-18","0.00","0.0","0.0",,"52","32"
"USW00013881","CHARLOTTE DOUGLAS AIRPORT, NC US","2026-03-19","0.00","0.0","0.0",,"66","34"
"USW00013881","CHARLOTTE DOUGLAS AIRPORT, NC US","2026-03-20","0.00","0.0","0.0",,"75","38"
"USW00013881","CHARLOTTE DOUGLAS AIRPORT, NC US","2026-03-21","0.00","0.0","0.0",,"83","58"
"USW00013881","CHARLOTTE DOUGLAS AIRPORT, NC US","2026-03-22","0.00","0.0","0.0",,"87","58"
"USW00013881","CHARLOTTE DOUGLAS AIRPORT, NC US","2026-03-23","0.00","0.0","0.0",,"85","51"
"USW00013881","CHARLOTTE DOUGLAS AIRPORT, NC US","2026-03-24","0.00","0.0","0.0",,"57","44"
"USW00013881","CHARLOTTE DOUGLAS AIRPORT, NC US","2026-03-25","0.00","0.0","0.0",,"66","39"
"USW00013881","CHARLOTTE DOUGLAS AIRPORT, NC US","2026-03-26","0.00","0.0","0.0",,"81","56"
"USW00013881","CHARLOTTE DOUGLAS AIRPORT, NC US","2026-03-27","0.00","0.0","0.0",,"86","61"
"USW00013881","CHARLOTTE DOUGLAS AIRPORT, NC US","2026-03-28","0.00","0.0","0.0",,"61","44"
"USW00013881","CHARLOTTE DOUGLAS AIRPORT, NC US","2026-03-29","0.00","0.0","0.0",,"66","34"
"USW00013881","CHARLOTTE DOUGLAS AIRPORT, NC US","2026-03-30","0.00","0.0","0.0",,"73","52"
"USW00013881","CHARLOTTE DOUGLAS AIRPORT, NC US","2026-03-31","0.00","0.0","0.0",,"77","57"
"USW00013881","CHARLOTTE DOUGLAS AIRPORT, NC US","2026-04-01","0.00","0.0","0.0",,"86","60"
"USW00013881","CHARLOTTE DOUGLAS AIRPORT, NC US","2026-04-02","0.00","0.0","0.0",,"83","63"
"USW00013881","CHARLOTTE DOUGLAS AIRPORT, NC US","2026-04-03","0.00","0.0","0.0",,"82","60"
"USW00013881","CHARLOTTE DOUGLAS AIRPORT, NC US","2026-04-04","0.23","0.0","0.0",,"83","63"
"USW00013881","CHARLOTTE DOUGLAS AIRPORT, NC US","2026-04-05","0.32","0.0","0.0",,"68","53"
"USW00013881","CHARLOTTE DOUGLAS AIRPORT, NC US","2026-04-06","0.00","0.0","0.0",,"64","45"
"USW00013881","CHARLOTTE DOUGLAS AIRPORT, NC US","2026-04-07","0.00","0.0","0.0",,"70","46"
"USW00013881","CHARLOTTE DOUGLAS AIRPORT, NC US","2026-04-08","0.00","0.0","0.0",,"61","46"
"USW00013881","CHARLOTTE DOUGLAS AIRPORT, NC US","2026-04-09","0.00","0.0","0.0",,"68","37"
"USW00013881","CHARLOTTE DOUGLAS AIRPORT, NC US","2026-04-10","0.00","0.0","0.0",,"77","41"
"USW00013881","CHARLOTTE DOUGLAS AIRPORT, NC US","2026-04-11","0.00","0.0","0.0",,"84","48"
"USW00013881","CHARLOTTE DOUGLAS AIRPORT, NC US","2026-04-12","0.00","0.0","0.0",,"85","53"
"USW00013881","CHARLOTTE DOUGLAS AIRPORT, NC US","2026-04-13","0.00","0.0","0.0",,"81","59"
"USW00013881","CHARLOTTE DOUGLAS AIRPORT, NC US","2026-04-14","0.00","0.0","0.0",,"86","59"
"USW00013881","CHARLOTTE DOUGLAS AIRPORT, NC US","2026-04-15","0.00","0.0","0.0",,"89","62"
"USW00013881","CHARLOTTE DOUGLAS AIRPORT, NC US","2026-04-16","0.00","0.0","0.0",,"88","63"
"USW00013881","CHARLOTTE DOUGLAS AIRPORT, NC US","2026-04-17","0.00","0.0","0.0",,"86","61"
"USW00013881","CHARLOTTE DOUGLAS AIRPORT, NC US","2026-04-18","0.00","0.0","0.0",,"90","58"
"USW00013881","CHARLOTTE DOUGLAS AIRPORT, NC US","2026-04-19","0.00","0.0","0.0",,"72","48"
"USW00013881","CHARLOTTE DOUGLAS AIRPORT, NC US","2026-04-20","0.00","0.0","0.0",,"74","41"
"USW00013881","CHARLOTTE DOUGLAS AIRPORT, NC US","2026-04-21","0.00","0.0","0.0",,"71","42"
"USW00013881","CHARLOTTE DOUGLAS AIRPORT, NC US","2026-04-22","0.00","0.0","0.0",,"84","50"
"USW00013881","CHARLOTTE DOUGLAS AIRPORT, NC US","2026-04-23","0.00","0.0","0.0",,"85","52"
"USW00013881","CHARLOTTE DOUGLAS AIRPORT, NC US","2026-04-24","0.00","0.0","0.0",,"85","56"
"USW00013881","CHARLOTTE DOUGLAS AIRPORT, NC US","2026-04-25","0.08","0.0","0.0",,"86","59"
"USW00013881","CHARLOTTE DOUGLAS AIRPORT, NC US","2026-04-26","0.00","0.0","0.0",,"73","57"
"USW00013881","CHARLOTTE DOUGLAS AIRPORT, NC US","2026-04-27","0.00","0.0","0.0",,"73","52"
"USW00013881","CHARLOTTE DOUGLAS AIRPORT, NC US","2026-04-28","0.19","0.0","0.0",,"65","52"
"USW00013881","CHARLOTTE DOUGLAS AIRPORT, NC US","2026-04-29","0.00","0.0","0.0",,"80","59"
"USW00013881","CHARLOTTE DOUGLAS AIRPORT, NC US","2026-04-30","0.01","0.0","0.0",,"76","59"
"USW00013881","CHARLOTTE DOUGLAS AIRPORT, NC US","2026-05-01","0.00","0.0","0.0",,"65","55"
"USW00013881","CHARLOTTE DOUGLAS AIRPORT, NC US","2026-05-02","0.01","0.0","0.0",,"63","45"
"USW00013881","CHARLOTTE DOUGLAS AIRPORT, NC US","2026-05-03","0.00","0.0","0.0",,"70","40"
"USW00013881","CHARLOTTE DOUGLAS AIRPORT, NC US","2026-05-04","0.00","0.0","0.0",,"80","47"
"USW00013881","CHARLOTTE DOUGLAS AIRPORT, NC US","2026-05-05","0.00","0.0","0.0",,"81","56"
"USW00013881","CHARLOTTE DOUGLAS AIRPORT, NC US","2026-05-06","0.93","0.0","0.0",,"79","61"
"USW00013881","CHARLOTTE DOUGLAS AIRPORT, NC US","2026-05-07","1.23","0.0","0.0",,"79","55"
"USW00013881","CHARLOTTE DOUGLAS AIRPORT, NC US","2026-05-08","0.00","0.0","0.0",,"71","50"
"USW00013881","CHARLOTTE DOUGLAS AIRPORT, NC US","2026-05-09","0.00","0.0","0.0",,"74","55"
"USW00013881","CHARLOTTE DOUGLAS AIRPORT, NC US","2026-05-10","0.00","0.0","0.0",,"83","57"
"USW00013881","CHARLOTTE DOUGLAS AIRPORT, NC US","2026-05-11","0.00","0.0","0.0",,"71","52"
"USW00013881","CHARLOTTE DOUGLAS AIRPORT, NC US","2026-05-12","0.00","0.0","0.0",,"73","47"
"USW00013881","CHARLOTTE DOUGLAS AIRPORT, NC US","2026-05-13","0.00","0.0","0.0",,"79","46"
"USW00013881","CHARLOTTE DOUGLAS AIRPORT, NC US","2026-05-14","0.00","0.0","0.0",,"74","50"
"USW00013881","CHARLOTTE DOUGLAS AIRPORT, NC US","2026-05-15","0.00","0.0","0.0",,"76","45"
"USW00013881","CHARLOTTE DOUGLAS AIRPORT, NC US","2026-05-16","0.00","0.0","0.0",,"83","54"
"USW00013881","CHARLOTTE DOUGLAS AIRPORT, NC US","2026-05-17","0.00","0.0","0.0",,"88","66"
"USW00013881","CHARLOTTE DOUGLAS AIRPORT, NC US","2026-05-18","0.00","0.0","0.0",,"90","69"
"USW00013881","CHARLOTTE DOUGLAS AIRPORT, NC US","2026-05-19","0.00","0.0","0.0",,"90","67"
"USW00013881","CHARLOTTE DOUGLAS AIRPORT, NC US","2026-05-20","0.00","0.0","0.0",,"91","67"
"USW00013881","CHARLOTTE DOUGLAS AIRPORT, NC US","2026-05-21","0.83","0.0","0.0",,"92","69"
"USW00013881","CHARLOTTE DOUGLAS AIRPORT, NC US","2026-05-22","0.67","0.0","0.0",,"70","62"
"USW00013881","CHARLOTTE DOUGLAS AIRPORT, NC US","2026-05-23","0.07","0.0","0.0",,"65","59"
"USW00013881","CHARLOTTE DOUGLAS AIRPORT, NC US","2026-05-24","0.15","0.0","0.0",,"80","58"
"USW00013881","CHARLOTTE DOUGLAS AIRPORT, NC US","2026-05-25","0.81","0.0","0.0",,"84","69"
"USW00013881","CHARLOTTE DOUGLAS AIRPORT, NC US","2026-05-26","0.20","0.0","0.0",,"84","70"
"USW00013881","CHARLOTTE DOUGLAS AIRPORT, NC US","2026-05-27","0.00","0.0","0.0",,"86","69"
"USW00013881","CHARLOTTE DOUGLAS AIRPORT, NC US","2026-05-28","0.10","0.0","0.0",,"91","71"
"USW00013881","CHARLOTTE DOUGLAS AIRPORT, NC US","2026-05-29","0.00","0.0","0.0",,"86","65"
"USW00013881","CHARLOTTE DOUGLAS AIRPORT, NC US","2026-05-30","0.87","0.0","0.0",,"84","69"
"USW00013881","CHARLOTTE DOUGLAS AIRPORT, NC US","2026-05-31","0.00","0.0","0.0",,"76","63"
"USW00013881","CHARLOTTE DOUGLAS AIRPORT, NC US","2026-06-01","0.37","0.0","0.0",,"83","66"
"USW00013881","CHARLOTTE DOUGLAS AIRPORT, NC US","2026-06-02","0.10","0.0","0.0",,"72","58"
"USW00013881","CHARLOTTE DOUGLAS AIRPORT, NC US","2026-06-03","0.00","0.0","0.0",,"79","53"
"USW00013881","CHARLOTTE DOUGLAS AIRPORT, NC US","2026-06-04","0.00","0.0","0.0",,"86","56"
"USW00013881","CHARLOTTE DOUGLAS AIRPORT, NC US","2026-06-05","0.00","0.0","0.0",,"87","59"
"USW00013881","CHARLOTTE DOUGLAS AIRPORT, NC US","2026-06-06","0.00","0.0","0.0",,"88","64"
"USW00013881","CHARLOTTE DOUGLAS AIRPORT, NC US","2026-06-07","0.00","0.0","0.0",,"89","67"
"USW00013881","CHARLOTTE DOUGLAS AIRPORT, NC US","2026-06-08","0.00","0.0","0.0",,"92","69"
"USW00013881","CHARLOTTE DOUGLAS AIRPORT, NC US","2026-06-09","0.01","0.0","0.0",,"84","72"
"USW00013881","CHARLOTTE DOUGLAS AIRPORT, NC US","2026-06-10","0.00","0.0","0.0",,"90","72"
"USW00013881","CHARLOTTE DOUGLAS AIRPORT, NC US","2026-06-11","0.03","0.0","0.0",,"93","74"
"USW00013881","CHARLOTTE DOUGLAS AIRPORT, NC US","2026-06-12","0.00","0.0","0.0",,"97","75"
"USW00013881","CHARLOTTE DOUGLAS AIRPORT, NC US","2026-06-13","0.00","0.0","0.0",,"95","73"
"USW00013881","CHARLOTTE DOUGLAS AIRPORT, NC US","2026-06-14","0.00","0.0","0.0",,"94","73"
"USW00013881","CHARLOTTE DOUGLAS AIRPORT, NC US","2026-06-15","0.00","0.0","0.0",,"87","71"
"USW00013881","CHARLOTTE DOUGLAS AIRPORT, NC US","2026-06-16","0.00","0.0","0.0",,"81","70"
"USW00013881","CHARLOTTE DOUGLAS AIRPORT, NC US","2026-06-17","0.00","0.0","0.0",,"89","67"
"USW00013881","CHARLOTTE DOUGLAS AIRPORT, NC US","2026-06-18","0.55","0.0","0.0",,"94","71"
"USW00013881","CHARLOTTE DOUGLAS AIRPORT, NC US","2026-06-19","0.94","0.0","0.0",,"89","69"
"USW00013881","CHARLOTTE DOUGLAS AIRPORT, NC US","2026-06-20","0.00","0.0","0.0",,"85","64"
"USW00013881","CHARLOTTE DOUGLAS AIRPORT, NC US","2026-06-21","0.00","0.0","0.0",,"90","65"
"USW00013881","CHARLOTTE DOUGLAS AIRPORT, NC US","2026-06-22","0.00","0.0","0.0",,"93","72"
"USW00013881","CHARLOTTE DOUGLAS AIRPORT, NC US","2026-06-23","0.00","0.0","0.0",,"91","68"
"USW00013881","CHARLOTTE DOUGLAS AIRPORT, NC US","2026-06-24","0.00","0.0","0.0",,"84","62"
"USW00013881","CHARLOTTE DOUGLAS AIRPORT, NC US","2026-06-25","0.00","0.0","0.0",,"88","61"
"USW00013881","CHARLOTTE DOUGLAS AIRPORT, NC US","2026-06-26","0.68","0.0","0.0",,"86","70"
"USW00013881","CHARLOTTE DOUGLAS AIRPORT, NC US","2026-06-27","0.37","0.0","0.0",,"92","72"
"USW00013881","CHARLOTTE DOUGLAS AIRPORT, NC US","2026-06-28","0.00","0.0","0.0",,"86","71"
"USW00013881","CHARLOTTE DOUGLAS AIRPORT, NC US","2026-06-29","0.00","0.0","0.0",,"92","71"
"USW00013881","CHARLOTTE DOUGLAS AIRPORT, NC US","2026-06-30","0.00","0.0","0.0",,"92","77"
"USW00013881","CHARLOTTE DOUGLAS AIRPORT, NC US","2026-07-01","0.00","0.0","0.0",,"96","74"
"USW00013881","CHARLOTTE DOUGLAS AIRPORT, NC US","2026-07-02","0.00","0.0","0.0",,"99","77"
"USW00013881","CHARLOTTE DOUGLAS AIRPORT, NC US","2026-07-03","0.00","0.0","0.0",,"98","78"
"USW00013881","CHARLOTTE DOUGLAS AIRPORT, NC US","2026-07-04","0.00","0.0","0.0",,"97","77"
"USW00013881","CHARLOTTE DOUGLAS AIRPORT, NC US","2026-07-05","0.00","0.0","0.0",,"96","76"
"USW00013881","CHARLOTTE DOUGLAS AIRPORT, NC US","2026-07-06","0.23","0.0","0.0",,"95","74"
"USW00013881","CHARLOTTE DOUGLAS AIRPORT, NC US","2026-07-07","0.07","0.0","0.0",,"94","72"
"USW00013881","CHARLOTTE DOUGLAS AIRPORT, NC US","2026-07-08","0.00","0.0","0.0",,"96","74"
"USW00013881","CHARLOTTE DOUGLAS AIRPORT, NC US","2026-07-09","0.00","0.0","0.0",,"95","73"
"USW00013881","CHARLOTTE DOUGLAS AIRPORT, NC US","2026-07-10","0.01","0.0","0.0",,"95","72"
"USW00013881","CHARLOTTE DOUGLAS AIRPORT, NC US","2026-07-11","0.00","0.0","0.0",,"89","73"
"USW00013881","CHARLOTTE DOUGLAS AIRPORT, NC US","2026-07-12","0.39","0.0","0.0",,"90","73"
"USW00013881","CHARLOTTE DOUGLAS AIRPORT, NC US","2026-07-13","0.25","0.0","0.0",,"83","73"
"USW00013881","CHARLOTTE DOUGLAS AIRPORT, NC US","2026-07-14","0.01","0.0","0.0",,"88","71"
"USW00013881","CHARLOTTE DOUGLAS AIRPORT, NC US","2026-07-15","0.00","0.0","0.0",,"94","68"
"USW00013881","CHARLOTTE DOUGLAS AIRPORT, NC US","2026-07-16","0.00","0.0","0.0",,"97","73"
"USW00013881","CHARLOTTE DOUGLAS AIRPORT, NC US","2026-07-17","0.00","0.0","0.0",,"98","76"
"USW00013881","CHARLOTTE DOUGLAS AIRPORT, NC US","2026-07-18","0.00","0.0","0.0",,"96","78"
"USW00013881","CHARLOTTE DOUGLAS AIRPORT, NC US","2026-07-19","0.00","0.0","0.0",,"98","76"
"USW00013881","CHARLOTTE DOUGLAS AIRPORT, NC US","2026-07-20","0.00","0.0","0.0",,"96","76"
"USW00013881","CHARLOTTE DOUGLAS AIRPORT, NC US","2026-07-21","0.00","0.0","0.0",,"93","77"
"USW00013881","CHARLOTTE DOUGLAS AIRPORT, NC US","2026-07-22","0.00","0.0","0.0",,"93","78"
"USW00013881","CHARLOTTE DOUGLAS AIRPORT, NC US","2026-07-23","2.05","0.0","0.0",,"82","69"
